-- phpMyAdmin SQL Dump
-- version 4.9.1
-- https://www.phpmyadmin.net/
--
-- Host: 127.0.0.1
-- Generation Time: Feb 25, 2020 at 06:25 PM
-- Server version: 10.4.8-MariaDB
-- PHP Version: 7.3.11

SET SQL_MODE = "NO_AUTO_VALUE_ON_ZERO";
SET AUTOCOMMIT = 0;
START TRANSACTION;
SET time_zone = "+00:00";


/*!40101 SET @OLD_CHARACTER_SET_CLIENT=@@CHARACTER_SET_CLIENT */;
/*!40101 SET @OLD_CHARACTER_SET_RESULTS=@@CHARACTER_SET_RESULTS */;
/*!40101 SET @OLD_COLLATION_CONNECTION=@@COLLATION_CONNECTION */;
/*!40101 SET NAMES utf8mb4 */;

--
-- Database: `mrconcretedb`
--

-- --------------------------------------------------------

--
-- Table structure for table `address`
--

CREATE TABLE `address` (
  `AddressId` varchar(225) NOT NULL,
  `UserId` varchar(225) NOT NULL,
  `AddressLine1` varchar(50) NOT NULL,
  `AddressLine2` varchar(50) NOT NULL,
  `AddressLine3` varchar(50) NOT NULL,
  `City` varchar(50) NOT NULL,
  `PostalCode` varchar(20) NOT NULL,
  `CreateDate` datetime NOT NULL DEFAULT current_timestamp(),
  `CrateUserId` varchar(225) NOT NULL,
  `ModifyDate` datetime NOT NULL DEFAULT current_timestamp(),
  `ModifyUserId` varchar(225) NOT NULL,
  `StatusId` int(11) NOT NULL
) ENGINE=InnoDB DEFAULT CHARSET=latin1;

-- --------------------------------------------------------

--
-- Table structure for table `category`
--

CREATE TABLE `category` (
  `CategoryId` int(11) NOT NULL,
  `CategoryName` varchar(50) NOT NULL,
  `CreateDate` datetime NOT NULL DEFAULT current_timestamp(),
  `CreateUserId` varchar(225) NOT NULL,
  `ModifyDate` datetime NOT NULL DEFAULT current_timestamp(),
  `ModifyUserId` varchar(225) NOT NULL,
  `StatusId` int(11) NOT NULL
) ENGINE=InnoDB DEFAULT CHARSET=latin1;

--
-- Dumping data for table `category`
--

INSERT INTO `category` (`CategoryId`, `CategoryName`, `CreateDate`, `CreateUserId`, `ModifyDate`, `ModifyUserId`, `StatusId`) VALUES
(2, 'residential', '2020-01-27 23:29:56', 'residential', '2020-01-27 23:29:56', 'test', 1),
(20, 'Commercial and institutional', '2020-01-27 23:29:41', 'test', '2020-01-27 23:29:41', 'test', 1),
(21, 'Industrial', '2020-01-27 23:29:42', 'test', '2020-01-27 23:29:42', 'test', 1),
(22, 'Highway', '2020-01-27 23:29:44', 'test', '2020-01-27 23:29:44', 'test', 1),
(23, 'Building', '2020-01-27 23:29:46', 'test', '2020-01-27 23:29:46', 'test', 1),
(25, 'Heavy', '2020-01-27 23:29:49', 'test', '2020-01-27 23:29:49', 'test', 1),
(26, 'News Coms', '2020-02-02 18:42:06', '8217b572-3c7d-11ea-8876-c8f7501047dc', '2020-02-02 18:42:06', '8217b572-3c7d-11ea-8876-c8f7501047dc', 1),
(27, 'Better', '2020-02-02 18:42:46', '8217b572-3c7d-11ea-8876-c8f7501047dc', '2020-02-02 18:42:46', '8217b572-3c7d-11ea-8876-c8f7501047dc', 1);

-- --------------------------------------------------------

--
-- Table structure for table `company`
--

CREATE TABLE `company` (
  `CompanyId` varchar(225) NOT NULL,
  `CompanyName` varchar(50) NOT NULL,
  `CompanyAddress` varchar(225) NOT NULL,
  `City` varchar(50) NOT NULL,
  `PostalCode` varchar(10) NOT NULL,
  `CreateDate` timestamp NOT NULL DEFAULT current_timestamp(),
  `CreateUserId` varchar(225) NOT NULL,
  `ModifyDate` datetime NOT NULL DEFAULT current_timestamp(),
  `ModifyUserId` varchar(225) NOT NULL,
  `StatusId` int(10) NOT NULL
) ENGINE=InnoDB DEFAULT CHARSET=latin1;

-- --------------------------------------------------------

--
-- Table structure for table `concreteorder`
--

CREATE TABLE `concreteorder` (
  `OrderId` varchar(225) NOT NULL,
  `UserId` varchar(225) NOT NULL,
  `ProjectCode` varchar(50) NOT NULL,
  `OrderNumber` varchar(50) NOT NULL,
  `SupplierId` varchar(225) NOT NULL,
  `OrderDate` datetime NOT NULL DEFAULT current_timestamp(),
  `DeliveryDate` datetime NOT NULL,
  `TruckArrivalTime` varchar(11) NOT NULL,
  `Directions` varchar(225) NOT NULL,
  `SpecialInstructions` varchar(225) NOT NULL,
  `CategoryId` int(11) NOT NULL,
  `CreateDate` datetime NOT NULL DEFAULT current_timestamp(),
  `CreateUserId` varchar(225) NOT NULL,
  `ModifyDate` datetime NOT NULL DEFAULT current_timestamp(),
  `ModifyUserId` varchar(225) NOT NULL,
  `StatusId` int(11) NOT NULL
) ENGINE=InnoDB DEFAULT CHARSET=latin1;

--
-- Dumping data for table `concreteorder`
--

INSERT INTO `concreteorder` (`OrderId`, `UserId`, `ProjectCode`, `OrderNumber`, `SupplierId`, `OrderDate`, `DeliveryDate`, `TruckArrivalTime`, `Directions`, `SpecialInstructions`, `CategoryId`, `CreateDate`, `CreateUserId`, `ModifyDate`, `ModifyUserId`, `StatusId`) VALUES
('13582856-5347-11ea-af05-48f17f8d4d88', '8217b572-3c7d-11ea-8876-c8f7501047dc', 'Maspala', '', '811a48b1-4b3d-11ea-ad8f-c8f7501047dc', '2020-02-14 22:00:00', '2020-02-09 22:00:00', '', 'https://goo.gl/maps/dyeqtvaDGXSgFUKi9', 'na', 23, '2020-02-19 20:38:52', '8217b572-3c7d-11ea-8876-c8f7501047dc', '2020-02-24 08:27:17', '8217b572-3c7d-11ea-8876-c8f7501047dc', 1),
('15c1d82b-4935-11ea-b7e8-c8f7501047dc', '8217b572-3c7d-11ea-8876-c8f7501047dc', 'PROJ995412', 'O782372', '1b5b7944-4ab3-11ea-b387-c8f7501047dc', '2020-02-06 22:00:00', '2020-02-28 22:00:00', '', 'Get walking', 'Now', 20, '2020-02-07 01:04:53', '8217b572-3c7d-11ea-8876-c8f7501047dc', '2020-02-24 08:33:59', '8217b572-3c7d-11ea-8876-c8f7501047dc', 6),
('2a78bb51-5347-11ea-af05-48f17f8d4d88', '8217b572-3c7d-11ea-8876-c8f7501047dc', 'Maspala', '', '811a48b1-4b3d-11ea-ad8f-c8f7501047dc', '2020-02-18 22:00:00', '2020-02-21 22:00:00', '', 'https://goo.gl/maps/dyeqtvaDGXSgFUKi9', 'na', 23, '2020-02-19 20:39:30', '8217b572-3c7d-11ea-8876-c8f7501047dc', '2020-02-19 20:39:30', '8217b572-3c7d-11ea-8876-c8f7501047dc', 1),
('303d1122-5345-11ea-af05-48f17f8d4d88', '8217b572-3c7d-11ea-8876-c8f7501047dc', 'Maspala', '', '811a48b1-4b3d-11ea-ad8f-c8f7501047dc', '2020-02-18 22:00:00', '2020-02-21 22:00:00', '', 'https://goo.gl/maps/dyeqtvaDGXSgFUKi9', 'na', 23, '2020-02-19 20:25:21', '8217b572-3c7d-11ea-8876-c8f7501047dc', '2020-02-19 20:25:21', '8217b572-3c7d-11ea-8876-c8f7501047dc', 1),
('314aec25-4dea-11ea-b5e8-48f17f8d4d88', '8217b572-3c7d-11ea-8876-c8f7501047dc', 'PROJ995412', 'O782372', '15c1d82b-4935-11ea-b7e8-c8f7501047dc', '2020-02-06 22:00:00', '2020-02-28 22:00:00', '', 'Get walking', 'Now', 20, '2020-02-13 00:51:23', '8217b572-3c7d-11ea-8876-c8f7501047dc', '2020-02-13 00:51:23', '8217b572-3c7d-11ea-8876-c8f7501047dc', 1),
('3cb90c2e-4de1-11ea-b5e8-48f17f8d4d88', '8217b572-3c7d-11ea-8876-c8f7501047dc', 'PROJ995412', 'O782372', '1b5b7944-4ab3-11ea-b387-c8f7501047dc', '2020-02-06 22:00:00', '2020-02-28 22:00:00', '', 'Get walking', 'Now', 20, '2020-02-12 23:47:16', '8217b572-3c7d-11ea-8876-c8f7501047dc', '2020-02-12 23:47:16', '8217b572-3c7d-11ea-8876-c8f7501047dc', 1),
('48154592-4ddb-11ea-b5e8-48f17f8d4d88', '8217b572-3c7d-11ea-8876-c8f7501047dc', 'fdfdsf', '', 'c4f537c9-4aae-11ea-b387-c8f7501047dc', '2020-02-12 22:00:00', '2020-02-28 22:00:00', '', '43re', 'ewr', 22, '2020-02-12 23:04:39', '8217b572-3c7d-11ea-8876-c8f7501047dc', '2020-02-12 23:04:39', '8217b572-3c7d-11ea-8876-c8f7501047dc', 1),
('4e0d7f7b-56d0-11ea-b1f1-48f17f8d4d88', '8217b572-3c7d-11ea-8876-c8f7501047dc', 'ewq', '', '15c1d82b-4935-11ea-b7e8-c8f7501047dc', '2020-02-11 22:00:00', '2020-02-18 22:00:00', '', 'eqw', 'eqw', 2, '2020-02-24 08:38:45', '8217b572-3c7d-11ea-8876-c8f7501047dc', '2020-02-24 08:38:45', '8217b572-3c7d-11ea-8876-c8f7501047dc', 1),
('56b344ac-4a85-11ea-b387-c8f7501047dc', '8217b572-3c7d-11ea-8876-c8f7501047dc', 'PGDJ1112', 'O782372', '1b5b7944-4ab3-11ea-b387-c8f7501047dc', '2020-02-06 22:00:00', '2020-02-06 22:00:00', '', '', '', 2, '2020-02-08 17:11:47', '8217b572-3c7d-11ea-8876-c8f7501047dc', '2020-02-08 17:11:47', '8217b572-3c7d-11ea-8876-c8f7501047dc', 3),
('5a96d3b1-4dce-11ea-b5e8-48f17f8d4d88', '8217b572-3c7d-11ea-8876-c8f7501047dc', '', 'O782372', '', '0000-00-00 00:00:00', '0000-00-00 00:00:00', '', '', '', 0, '2020-02-12 21:32:06', '8217b572-3c7d-11ea-8876-c8f7501047dc', '2020-02-12 21:32:06', '8217b572-3c7d-11ea-8876-c8f7501047dc', 1),
('6363fe3c-4b6d-11ea-ad8f-c8f7501047dc', '8217b572-3c7d-11ea-8876-c8f7501047dc', '', 'O782372', '1b5b7944-4ab3-11ea-b387-c8f7501047dc', '2020-02-08 22:00:00', '0000-00-00 00:00:00', '', '', '', 22, '2020-02-09 20:52:57', '8217b572-3c7d-11ea-8876-c8f7501047dc', '2020-02-09 20:52:57', '8217b572-3c7d-11ea-8876-c8f7501047dc', 2),
('6cefd984-4dd1-11ea-b5e8-48f17f8d4d88', '8217b572-3c7d-11ea-8876-c8f7501047dc', 'test', 'O782372', 'd688a9d3-45ce-11ea-bfe3-c8f7501047dc', '2020-02-21 22:00:00', '2020-02-20 22:00:00', '', 'test', 'test', 27, '2020-02-12 21:54:05', '8217b572-3c7d-11ea-8876-c8f7501047dc', '2020-02-12 21:54:05', '8217b572-3c7d-11ea-8876-c8f7501047dc', 1),
('70eea917-4dcd-11ea-b5e8-48f17f8d4d88', '8217b572-3c7d-11ea-8876-c8f7501047dc', '', 'O782372', '', '0000-00-00 00:00:00', '0000-00-00 00:00:00', '', '', '', 0, '2020-02-12 21:25:34', '8217b572-3c7d-11ea-8876-c8f7501047dc', '2020-02-12 21:25:34', '8217b572-3c7d-11ea-8876-c8f7501047dc', 1),
('9f94b0a7-5790-11ea-8fd4-48f17f8d4d88', '8217b572-3c7d-11ea-8876-c8f7501047dc', '###', '', '811a48b1-4b3d-11ea-ad8f-c8f7501047dc', '2020-02-13 22:00:00', '2020-02-12 22:00:00', '', 'eq', '421qe', 2, '2020-02-25 07:35:16', '8217b572-3c7d-11ea-8876-c8f7501047dc', '2020-02-25 07:35:16', '8217b572-3c7d-11ea-8876-c8f7501047dc', 1),
('a00af359-4b6d-11ea-ad8f-c8f7501047dc', '8217b572-3c7d-11ea-8876-c8f7501047dc', 'PHT52113', 'O782372', '1b5b7944-4ab3-11ea-b387-c8f7501047dc', '2020-02-08 22:00:00', '2020-02-27 22:00:00', '', 'Neh', 'ejehy', 22, '2020-02-09 20:54:39', '8217b572-3c7d-11ea-8876-c8f7501047dc', '2020-02-09 20:54:39', '8217b572-3c7d-11ea-8876-c8f7501047dc', 1),
('adf53e1f-4de0-11ea-b5e8-48f17f8d4d88', '8217b572-3c7d-11ea-8876-c8f7501047dc', 'PROJ995412', 'O782372', '1b5b7944-4ab3-11ea-b387-c8f7501047dc', '2020-02-06 22:00:00', '2020-02-28 22:00:00', '', 'Get walking', 'Now', 20, '2020-02-12 23:43:17', '8217b572-3c7d-11ea-8876-c8f7501047dc', '2020-02-12 23:43:17', '8217b572-3c7d-11ea-8876-c8f7501047dc', 1),
('b5684056-4e20-11ea-a956-48f17f8d4d88', '8217b572-3c7d-11ea-8876-c8f7501047dc', 'test', 'O782372', '0f84d16d-45cf-11ea-bfe3-c8f7501047dc', '2020-02-20 22:00:00', '2020-02-19 22:00:00', '', 'test', 'test', 27, '2020-02-13 07:21:37', '8217b572-3c7d-11ea-8876-c8f7501047dc', '2020-02-13 07:21:37', '8217b572-3c7d-11ea-8876-c8f7501047dc', 1),
('c487b830-4ddd-11ea-b5e8-48f17f8d4d88', '8217b572-3c7d-11ea-8876-c8f7501047dc', 'fdfdsf', '', 'c4f537c9-4aae-11ea-b387-c8f7501047dc', '2020-02-12 22:00:00', '2020-02-28 22:00:00', '', '43re', 'ewr', 22, '2020-02-12 23:22:26', '8217b572-3c7d-11ea-8876-c8f7501047dc', '2020-02-12 23:22:26', '8217b572-3c7d-11ea-8876-c8f7501047dc', 1),
('ce96776e-5744-11ea-8fd4-48f17f8d4d88', '8217b572-3c7d-11ea-8876-c8f7501047dc', '432432', '', '15c1d82b-4935-11ea-b7e8-c8f7501047dc', '2020-02-06 22:00:00', '2020-02-13 22:00:00', '', '4324', '4324', 22, '2020-02-24 22:32:42', '8217b572-3c7d-11ea-8876-c8f7501047dc', '2020-02-24 22:42:22', '8217b572-3c7d-11ea-8876-c8f7501047dc', 6),
('db15ed29-5291-11ea-a4b4-48f17f8d4d88', '8217b572-3c7d-11ea-8876-c8f7501047dc', 'test', 'O782372', 'd688a9d3-45ce-11ea-bfe3-c8f7501047dc', '2020-02-21 22:00:00', '2020-02-20 22:00:00', '', 'test', 'test', 27, '2020-02-18 23:01:38', '8217b572-3c7d-11ea-8876-c8f7501047dc', '2020-02-18 23:01:38', '8217b572-3c7d-11ea-8876-c8f7501047dc', 1),
('dcf5e213-4e46-11ea-a87a-48f17f8d4d88', '8217b572-3c7d-11ea-8876-c8f7501047dc', 'PROJ995412', 'O782372', '0f84d16d-45cf-11ea-bfe3-c8f7501047dc', '2020-02-06 22:00:00', '2020-02-28 22:00:00', '', 'Get walking', 'Now', 20, '2020-02-13 11:54:44', '8217b572-3c7d-11ea-8876-c8f7501047dc', '2020-02-13 11:54:44', '8217b572-3c7d-11ea-8876-c8f7501047dc', 1),
('e9f2587c-573c-11ea-bbf0-48f17f8d4d88', '8217b572-3c7d-11ea-8876-c8f7501047dc', 'rter', '', '15c1d82b-4935-11ea-b7e8-c8f7501047dc', '2020-02-12 22:00:00', '2020-02-12 22:00:00', '', 'te', 'ter', 22, '2020-02-24 21:36:12', '8217b572-3c7d-11ea-8876-c8f7501047dc', '2020-02-25 07:07:20', '8217b572-3c7d-11ea-8876-c8f7501047dc', 6),
('ea184eba-4e3c-11ea-a87a-48f17f8d4d88', '8217b572-3c7d-11ea-8876-c8f7501047dc', 'fdfdsf', '', 'c4f537c9-4aae-11ea-b387-c8f7501047dc', '2020-02-12 22:00:00', '2020-02-28 22:00:00', '', '43re', 'ewr', 22, '2020-02-13 10:43:32', '8217b572-3c7d-11ea-8876-c8f7501047dc', '2020-02-13 10:43:32', '8217b572-3c7d-11ea-8876-c8f7501047dc', 1),
('eebc180e-4e56-11ea-a87a-48f17f8d4d88', '8217b572-3c7d-11ea-8876-c8f7501047dc', 'PROJ995412', 'O782372', '1b5b7944-4ab3-11ea-b387-c8f7501047dc', '2020-02-06 22:00:00', '2020-02-28 22:00:00', '', 'Get walking', 'Now', 20, '2020-02-13 13:49:47', '8217b572-3c7d-11ea-8876-c8f7501047dc', '2020-02-13 13:49:47', '8217b572-3c7d-11ea-8876-c8f7501047dc', 1),
('f73bb505-4de0-11ea-b5e8-48f17f8d4d88', '8217b572-3c7d-11ea-8876-c8f7501047dc', 'PROJ995412', 'O782372', '1b5b7944-4ab3-11ea-b387-c8f7501047dc', '2020-02-06 22:00:00', '2020-02-28 22:00:00', '', 'Get walking', 'Now', 20, '2020-02-12 23:45:20', '8217b572-3c7d-11ea-8876-c8f7501047dc', '2020-02-12 23:45:20', '8217b572-3c7d-11ea-8876-c8f7501047dc', 1),
('f984f0ed-4de0-11ea-b5e8-48f17f8d4d88', '8217b572-3c7d-11ea-8876-c8f7501047dc', 'PROJ995412', 'O782372', '1b5b7944-4ab3-11ea-b387-c8f7501047dc', '2020-02-06 22:00:00', '2020-02-28 22:00:00', '', 'Get walking', 'Now', 20, '2020-02-12 23:45:24', '8217b572-3c7d-11ea-8876-c8f7501047dc', '2020-02-12 23:45:24', '8217b572-3c7d-11ea-8876-c8f7501047dc', 1),
('fc30391f-5786-11ea-8fd4-48f17f8d4d88', '8217b572-3c7d-11ea-8876-c8f7501047dc', 'wre', '', '15c1d82b-4935-11ea-b7e8-c8f7501047dc', '2020-02-06 22:00:00', '2020-02-18 22:00:00', '', 'ewqe', 'eqwe', 2, '2020-02-25 06:26:17', '8217b572-3c7d-11ea-8876-c8f7501047dc', '2020-02-25 06:43:25', '8217b572-3c7d-11ea-8876-c8f7501047dc', 1);

-- --------------------------------------------------------

--
-- Table structure for table `concreteordermeasurement`
--

CREATE TABLE `concreteordermeasurement` (
  `Id` varchar(225) NOT NULL,
  `OrderId` varchar(225) NOT NULL,
  `MeasurementId` int(11) NOT NULL,
  `Value` varchar(150) NOT NULL,
  `CreateDate` datetime NOT NULL DEFAULT current_timestamp(),
  `CreateUserId` varchar(225) NOT NULL,
  `ModifyDate` datetime NOT NULL DEFAULT current_timestamp(),
  `ModifyUserId` varchar(225) NOT NULL,
  `StatusId` int(11) NOT NULL
) ENGINE=InnoDB DEFAULT CHARSET=latin1;

--
-- Dumping data for table `concreteordermeasurement`
--

INSERT INTO `concreteordermeasurement` (`Id`, `OrderId`, `MeasurementId`, `Value`, `CreateDate`, `CreateUserId`, `ModifyDate`, `ModifyUserId`, `StatusId`) VALUES
('13587b03-5347-11ea-af05-48f17f8d4d88', '13582856-5347-11ea-af05-48f17f8d4d88', 1, '0', '2020-02-19 20:38:52', 'test', '2020-02-24 08:27:17', 'test', 1),
('1358ca02-5347-11ea-af05-48f17f8d4d88', '13582856-5347-11ea-af05-48f17f8d4d88', 2, '80000', '2020-02-19 20:38:52', 'test', '2020-02-24 08:27:17', 'test', 1),
('13590d93-5347-11ea-af05-48f17f8d4d88', '13582856-5347-11ea-af05-48f17f8d4d88', 3, '8888', '2020-02-19 20:38:52', 'test', '2020-02-24 08:27:17', 'test', 1),
('13594c5b-5347-11ea-af05-48f17f8d4d88', '13582856-5347-11ea-af05-48f17f8d4d88', 4, '0', '2020-02-19 20:38:52', 'test', '2020-02-24 08:27:17', 'test', 1),
('13597c71-5347-11ea-af05-48f17f8d4d88', '13582856-5347-11ea-af05-48f17f8d4d88', 5, '0', '2020-02-19 20:38:52', 'test', '2020-02-24 08:27:17', 'test', 1),
('1359b336-5347-11ea-af05-48f17f8d4d88', '13582856-5347-11ea-af05-48f17f8d4d88', 6, '0', '2020-02-19 20:38:52', 'test', '2020-02-24 08:27:17', 'test', 1),
('1359e39f-5347-11ea-af05-48f17f8d4d88', '13582856-5347-11ea-af05-48f17f8d4d88', 7, '0', '2020-02-19 20:38:52', 'test', '2020-02-24 08:27:17', 'test', 1),
('135a1499-5347-11ea-af05-48f17f8d4d88', '13582856-5347-11ea-af05-48f17f8d4d88', 8, '0', '2020-02-19 20:38:52', 'test', '2020-02-24 08:27:17', 'test', 1),
('135a4389-5347-11ea-af05-48f17f8d4d88', '13582856-5347-11ea-af05-48f17f8d4d88', 9, '0', '2020-02-19 20:38:52', 'test', '2020-02-24 08:27:17', 'test', 1),
('135a714a-5347-11ea-af05-48f17f8d4d88', '13582856-5347-11ea-af05-48f17f8d4d88', 10, '0', '2020-02-19 20:38:52', 'test', '2020-02-24 08:27:17', 'test', 1),
('135a99bb-5347-11ea-af05-48f17f8d4d88', '13582856-5347-11ea-af05-48f17f8d4d88', 11, '0', '2020-02-19 20:38:52', 'test', '2020-02-24 08:27:17', 'test', 1),
('135ac15a-5347-11ea-af05-48f17f8d4d88', '13582856-5347-11ea-af05-48f17f8d4d88', 12, '0', '2020-02-19 20:38:52', 'test', '2020-02-24 08:27:17', 'test', 1),
('135ae9ad-5347-11ea-af05-48f17f8d4d88', '13582856-5347-11ea-af05-48f17f8d4d88', 13, '0', '2020-02-19 20:38:52', '8217b572-3c7d-11ea-8876-c8f7501047dc', '2020-02-24 08:27:17', '8217b572-3c7d-11ea-8876-c8f7501047dc', 1),
('135b271c-5347-11ea-af05-48f17f8d4d88', '13582856-5347-11ea-af05-48f17f8d4d88', 14, '0', '2020-02-19 20:38:52', 'test', '2020-02-24 08:27:17', 'test', 1),
('135b929e-5347-11ea-af05-48f17f8d4d88', '13582856-5347-11ea-af05-48f17f8d4d88', 15, '0', '2020-02-19 20:38:52', '8217b572-3c7d-11ea-8876-c8f7501047dc', '2020-02-24 08:27:17', '8217b572-3c7d-11ea-8876-c8f7501047dc', 1),
('15c2b4bf-4935-11ea-b7e8-c8f7501047dc', '15c1d82b-4935-11ea-b7e8-c8f7501047dc', 1, '500', '2020-02-07 01:04:53', '8217b572-3c7d-11ea-8876-c8f7501047dc', '2020-02-24 08:33:59', '8217b572-3c7d-11ea-8876-c8f7501047dc', 0),
('15c36bfa-4935-11ea-b7e8-c8f7501047dc', '15c1d82b-4935-11ea-b7e8-c8f7501047dc', 2, '500', '2020-02-07 01:04:53', '8217b572-3c7d-11ea-8876-c8f7501047dc', '2020-02-24 08:33:59', '8217b572-3c7d-11ea-8876-c8f7501047dc', 0),
('15c42649-4935-11ea-b7e8-c8f7501047dc', '15c1d82b-4935-11ea-b7e8-c8f7501047dc', 3, '14', '2020-02-07 01:04:53', '8217b572-3c7d-11ea-8876-c8f7501047dc', '2020-02-24 08:33:59', '8217b572-3c7d-11ea-8876-c8f7501047dc', 0),
('15c50922-4935-11ea-b7e8-c8f7501047dc', '15c1d82b-4935-11ea-b7e8-c8f7501047dc', 4, '500', '2020-02-07 01:04:53', '8217b572-3c7d-11ea-8876-c8f7501047dc', '2020-02-24 08:33:59', '8217b572-3c7d-11ea-8876-c8f7501047dc', 0),
('15c5eb3c-4935-11ea-b7e8-c8f7501047dc', '15c1d82b-4935-11ea-b7e8-c8f7501047dc', 5, '500', '2020-02-07 01:04:53', '8217b572-3c7d-11ea-8876-c8f7501047dc', '2020-02-24 08:33:59', '8217b572-3c7d-11ea-8876-c8f7501047dc', 0),
('15c69f19-4935-11ea-b7e8-c8f7501047dc', '15c1d82b-4935-11ea-b7e8-c8f7501047dc', 6, '500', '2020-02-07 01:04:53', '8217b572-3c7d-11ea-8876-c8f7501047dc', '2020-02-24 08:33:59', '8217b572-3c7d-11ea-8876-c8f7501047dc', 0),
('15c75d5c-4935-11ea-b7e8-c8f7501047dc', '15c1d82b-4935-11ea-b7e8-c8f7501047dc', 7, '500', '2020-02-07 01:04:53', '8217b572-3c7d-11ea-8876-c8f7501047dc', '2020-02-24 08:33:59', '8217b572-3c7d-11ea-8876-c8f7501047dc', 0),
('15c817db-4935-11ea-b7e8-c8f7501047dc', '15c1d82b-4935-11ea-b7e8-c8f7501047dc', 8, '500', '2020-02-07 01:04:53', '8217b572-3c7d-11ea-8876-c8f7501047dc', '2020-02-24 08:33:59', '8217b572-3c7d-11ea-8876-c8f7501047dc', 0),
('15c8ce5e-4935-11ea-b7e8-c8f7501047dc', '15c1d82b-4935-11ea-b7e8-c8f7501047dc', 9, '500', '2020-02-07 01:04:53', '8217b572-3c7d-11ea-8876-c8f7501047dc', '2020-02-24 08:33:59', '8217b572-3c7d-11ea-8876-c8f7501047dc', 0),
('15c98abf-4935-11ea-b7e8-c8f7501047dc', '15c1d82b-4935-11ea-b7e8-c8f7501047dc', 10, '500', '2020-02-07 01:04:53', '8217b572-3c7d-11ea-8876-c8f7501047dc', '2020-02-24 08:33:59', '8217b572-3c7d-11ea-8876-c8f7501047dc', 0),
('15ca477a-4935-11ea-b7e8-c8f7501047dc', '15c1d82b-4935-11ea-b7e8-c8f7501047dc', 11, '500', '2020-02-07 01:04:53', '8217b572-3c7d-11ea-8876-c8f7501047dc', '2020-02-24 08:33:59', '8217b572-3c7d-11ea-8876-c8f7501047dc', 0),
('15cb0065-4935-11ea-b7e8-c8f7501047dc', '15c1d82b-4935-11ea-b7e8-c8f7501047dc', 12, '500', '2020-02-07 01:04:53', '8217b572-3c7d-11ea-8876-c8f7501047dc', '2020-02-24 08:33:59', '8217b572-3c7d-11ea-8876-c8f7501047dc', 0),
('15cbb672-4935-11ea-b7e8-c8f7501047dc', '15c1d82b-4935-11ea-b7e8-c8f7501047dc', 13, '500', '2020-02-07 01:04:53', '8217b572-3c7d-11ea-8876-c8f7501047dc', '2020-02-24 08:33:59', '8217b572-3c7d-11ea-8876-c8f7501047dc', 0),
('15cc6e14-4935-11ea-b7e8-c8f7501047dc', '15c1d82b-4935-11ea-b7e8-c8f7501047dc', 14, '500', '2020-02-07 01:04:53', '8217b572-3c7d-11ea-8876-c8f7501047dc', '2020-02-24 08:33:59', '8217b572-3c7d-11ea-8876-c8f7501047dc', 0),
('15cd281e-4935-11ea-b7e8-c8f7501047dc', '15c1d82b-4935-11ea-b7e8-c8f7501047dc', 15, '500', '2020-02-07 01:04:53', '8217b572-3c7d-11ea-8876-c8f7501047dc', '2020-02-24 08:33:59', '8217b572-3c7d-11ea-8876-c8f7501047dc', 0),
('2a794b43-5347-11ea-af05-48f17f8d4d88', '2a78bb51-5347-11ea-af05-48f17f8d4d88', 1, '0', '2020-02-19 20:39:30', 'test', '2020-02-19 20:39:30', 'test', 1),
('2a798578-5347-11ea-af05-48f17f8d4d88', '2a78bb51-5347-11ea-af05-48f17f8d4d88', 2, '0', '2020-02-19 20:39:30', 'test', '2020-02-19 20:39:30', 'test', 1),
('2a79c07e-5347-11ea-af05-48f17f8d4d88', '2a78bb51-5347-11ea-af05-48f17f8d4d88', 3, '0', '2020-02-19 20:39:30', 'test', '2020-02-19 20:39:30', 'test', 1),
('2a79f3e8-5347-11ea-af05-48f17f8d4d88', '2a78bb51-5347-11ea-af05-48f17f8d4d88', 4, '0', '2020-02-19 20:39:30', 'test', '2020-02-19 20:39:30', 'test', 1),
('2a7a3eb0-5347-11ea-af05-48f17f8d4d88', '2a78bb51-5347-11ea-af05-48f17f8d4d88', 5, '0', '2020-02-19 20:39:30', 'test', '2020-02-19 20:39:30', 'test', 1),
('2a7a7758-5347-11ea-af05-48f17f8d4d88', '2a78bb51-5347-11ea-af05-48f17f8d4d88', 6, '0', '2020-02-19 20:39:30', 'test', '2020-02-19 20:39:30', 'test', 1),
('2a7aac0c-5347-11ea-af05-48f17f8d4d88', '2a78bb51-5347-11ea-af05-48f17f8d4d88', 7, '0', '2020-02-19 20:39:30', 'test', '2020-02-19 20:39:30', 'test', 1),
('2a7ad751-5347-11ea-af05-48f17f8d4d88', '2a78bb51-5347-11ea-af05-48f17f8d4d88', 8, '0', '2020-02-19 20:39:30', 'test', '2020-02-19 20:39:30', 'test', 1),
('2a7afee9-5347-11ea-af05-48f17f8d4d88', '2a78bb51-5347-11ea-af05-48f17f8d4d88', 9, '0', '2020-02-19 20:39:30', 'test', '2020-02-19 20:39:30', 'test', 1),
('2a7b2ac8-5347-11ea-af05-48f17f8d4d88', '2a78bb51-5347-11ea-af05-48f17f8d4d88', 10, '0', '2020-02-19 20:39:30', 'test', '2020-02-19 20:39:30', 'test', 1),
('2a7b5559-5347-11ea-af05-48f17f8d4d88', '2a78bb51-5347-11ea-af05-48f17f8d4d88', 11, '0', '2020-02-19 20:39:30', 'test', '2020-02-19 20:39:30', 'test', 1),
('2a7b7c0f-5347-11ea-af05-48f17f8d4d88', '2a78bb51-5347-11ea-af05-48f17f8d4d88', 12, '0', '2020-02-19 20:39:30', 'test', '2020-02-19 20:39:30', 'test', 1),
('2a7ba18e-5347-11ea-af05-48f17f8d4d88', '2a78bb51-5347-11ea-af05-48f17f8d4d88', 13, '0', '2020-02-19 20:39:30', '8217b572-3c7d-11ea-8876-c8f7501047dc', '2020-02-19 20:39:30', '8217b572-3c7d-11ea-8876-c8f7501047dc', 1),
('2a7bce38-5347-11ea-af05-48f17f8d4d88', '2a78bb51-5347-11ea-af05-48f17f8d4d88', 14, '0', '2020-02-19 20:39:30', 'test', '2020-02-19 20:39:30', 'test', 1),
('2a7bfbd6-5347-11ea-af05-48f17f8d4d88', '2a78bb51-5347-11ea-af05-48f17f8d4d88', 15, '0', '2020-02-19 20:39:30', '8217b572-3c7d-11ea-8876-c8f7501047dc', '2020-02-19 20:39:30', '8217b572-3c7d-11ea-8876-c8f7501047dc', 1),
('303d6d58-5345-11ea-af05-48f17f8d4d88', '303d1122-5345-11ea-af05-48f17f8d4d88', 1, '10000', '2020-02-19 20:25:21', 'test', '2020-02-19 20:25:21', 'test', 1),
('303dd132-5345-11ea-af05-48f17f8d4d88', '303d1122-5345-11ea-af05-48f17f8d4d88', 2, '20000', '2020-02-19 20:25:21', 'test', '2020-02-19 20:25:21', 'test', 1),
('303e2387-5345-11ea-af05-48f17f8d4d88', '303d1122-5345-11ea-af05-48f17f8d4d88', 3, '50000', '2020-02-19 20:25:21', 'test', '2020-02-19 20:25:21', 'test', 1),
('303e663c-5345-11ea-af05-48f17f8d4d88', '303d1122-5345-11ea-af05-48f17f8d4d88', 4, '8555', '2020-02-19 20:25:21', 'test', '2020-02-19 20:25:21', 'test', 1),
('303e998e-5345-11ea-af05-48f17f8d4d88', '303d1122-5345-11ea-af05-48f17f8d4d88', 5, '454222', '2020-02-19 20:25:21', 'test', '2020-02-19 20:25:21', 'test', 1),
('303ecc6e-5345-11ea-af05-48f17f8d4d88', '303d1122-5345-11ea-af05-48f17f8d4d88', 6, '12', '2020-02-19 20:25:21', 'test', '2020-02-19 20:25:21', 'test', 1),
('303f11c9-5345-11ea-af05-48f17f8d4d88', '303d1122-5345-11ea-af05-48f17f8d4d88', 7, '1112455', '2020-02-19 20:25:21', 'test', '2020-02-19 20:25:21', 'test', 1),
('303f521e-5345-11ea-af05-48f17f8d4d88', '303d1122-5345-11ea-af05-48f17f8d4d88', 8, '144', '2020-02-19 20:25:21', 'test', '2020-02-19 20:25:21', 'test', 1),
('303f862a-5345-11ea-af05-48f17f8d4d88', '303d1122-5345-11ea-af05-48f17f8d4d88', 9, '1000', '2020-02-19 20:25:21', 'test', '2020-02-19 20:25:21', 'test', 1),
('303fc5a2-5345-11ea-af05-48f17f8d4d88', '303d1122-5345-11ea-af05-48f17f8d4d88', 10, '15478', '2020-02-19 20:25:21', 'test', '2020-02-19 20:25:21', 'test', 1),
('304001da-5345-11ea-af05-48f17f8d4d88', '303d1122-5345-11ea-af05-48f17f8d4d88', 11, '141101', '2020-02-19 20:25:21', 'test', '2020-02-19 20:25:21', 'test', 1),
('30403ecd-5345-11ea-af05-48f17f8d4d88', '303d1122-5345-11ea-af05-48f17f8d4d88', 12, '10000', '2020-02-19 20:25:21', 'test', '2020-02-19 20:25:21', 'test', 1),
('304088fd-5345-11ea-af05-48f17f8d4d88', '303d1122-5345-11ea-af05-48f17f8d4d88', 13, '10', '2020-02-19 20:25:21', '8217b572-3c7d-11ea-8876-c8f7501047dc', '2020-02-19 20:25:21', '8217b572-3c7d-11ea-8876-c8f7501047dc', 1),
('3040c1ec-5345-11ea-af05-48f17f8d4d88', '303d1122-5345-11ea-af05-48f17f8d4d88', 14, '10', '2020-02-19 20:25:21', 'test', '2020-02-19 20:25:21', 'test', 1),
('3040ff30-5345-11ea-af05-48f17f8d4d88', '303d1122-5345-11ea-af05-48f17f8d4d88', 15, '1000', '2020-02-19 20:25:21', '8217b572-3c7d-11ea-8876-c8f7501047dc', '2020-02-19 20:25:21', '8217b572-3c7d-11ea-8876-c8f7501047dc', 1),
('314b5cd4-4dea-11ea-b5e8-48f17f8d4d88', '314aec25-4dea-11ea-b5e8-48f17f8d4d88', 1, '500', '2020-02-13 00:51:23', '8217b572-3c7d-11ea-8876-c8f7501047dc', '2020-02-13 00:51:23', '8217b572-3c7d-11ea-8876-c8f7501047dc', 0),
('314bc3e2-4dea-11ea-b5e8-48f17f8d4d88', '314aec25-4dea-11ea-b5e8-48f17f8d4d88', 2, '500', '2020-02-13 00:51:23', '8217b572-3c7d-11ea-8876-c8f7501047dc', '2020-02-13 00:51:23', '8217b572-3c7d-11ea-8876-c8f7501047dc', 0),
('314c2465-4dea-11ea-b5e8-48f17f8d4d88', '314aec25-4dea-11ea-b5e8-48f17f8d4d88', 3, '14', '2020-02-13 00:51:23', '8217b572-3c7d-11ea-8876-c8f7501047dc', '2020-02-13 00:51:23', '8217b572-3c7d-11ea-8876-c8f7501047dc', 0),
('314c813e-4dea-11ea-b5e8-48f17f8d4d88', '314aec25-4dea-11ea-b5e8-48f17f8d4d88', 4, '500', '2020-02-13 00:51:23', '8217b572-3c7d-11ea-8876-c8f7501047dc', '2020-02-13 00:51:23', '8217b572-3c7d-11ea-8876-c8f7501047dc', 0),
('314ce0f6-4dea-11ea-b5e8-48f17f8d4d88', '314aec25-4dea-11ea-b5e8-48f17f8d4d88', 5, '500', '2020-02-13 00:51:23', '8217b572-3c7d-11ea-8876-c8f7501047dc', '2020-02-13 00:51:23', '8217b572-3c7d-11ea-8876-c8f7501047dc', 0),
('314d2665-4dea-11ea-b5e8-48f17f8d4d88', '314aec25-4dea-11ea-b5e8-48f17f8d4d88', 6, '500', '2020-02-13 00:51:23', '8217b572-3c7d-11ea-8876-c8f7501047dc', '2020-02-13 00:51:23', '8217b572-3c7d-11ea-8876-c8f7501047dc', 0),
('314d7002-4dea-11ea-b5e8-48f17f8d4d88', '314aec25-4dea-11ea-b5e8-48f17f8d4d88', 7, '500', '2020-02-13 00:51:23', '8217b572-3c7d-11ea-8876-c8f7501047dc', '2020-02-13 00:51:23', '8217b572-3c7d-11ea-8876-c8f7501047dc', 0),
('314dacfd-4dea-11ea-b5e8-48f17f8d4d88', '314aec25-4dea-11ea-b5e8-48f17f8d4d88', 8, '500', '2020-02-13 00:51:23', '8217b572-3c7d-11ea-8876-c8f7501047dc', '2020-02-13 00:51:23', '8217b572-3c7d-11ea-8876-c8f7501047dc', 0),
('314e79c3-4dea-11ea-b5e8-48f17f8d4d88', '314aec25-4dea-11ea-b5e8-48f17f8d4d88', 9, '500', '2020-02-13 00:51:23', '8217b572-3c7d-11ea-8876-c8f7501047dc', '2020-02-13 00:51:23', '8217b572-3c7d-11ea-8876-c8f7501047dc', 0),
('314eb320-4dea-11ea-b5e8-48f17f8d4d88', '314aec25-4dea-11ea-b5e8-48f17f8d4d88', 10, '500', '2020-02-13 00:51:23', '8217b572-3c7d-11ea-8876-c8f7501047dc', '2020-02-13 00:51:23', '8217b572-3c7d-11ea-8876-c8f7501047dc', 0),
('314eefe3-4dea-11ea-b5e8-48f17f8d4d88', '314aec25-4dea-11ea-b5e8-48f17f8d4d88', 11, '500', '2020-02-13 00:51:23', '8217b572-3c7d-11ea-8876-c8f7501047dc', '2020-02-13 00:51:23', '8217b572-3c7d-11ea-8876-c8f7501047dc', 0),
('314f2c55-4dea-11ea-b5e8-48f17f8d4d88', '314aec25-4dea-11ea-b5e8-48f17f8d4d88', 12, '500', '2020-02-13 00:51:23', '8217b572-3c7d-11ea-8876-c8f7501047dc', '2020-02-13 00:51:23', '8217b572-3c7d-11ea-8876-c8f7501047dc', 0),
('314f6a58-4dea-11ea-b5e8-48f17f8d4d88', '314aec25-4dea-11ea-b5e8-48f17f8d4d88', 13, '500', '2020-02-13 00:51:23', '8217b572-3c7d-11ea-8876-c8f7501047dc', '2020-02-13 00:51:23', '8217b572-3c7d-11ea-8876-c8f7501047dc', 0),
('314fae34-4dea-11ea-b5e8-48f17f8d4d88', '314aec25-4dea-11ea-b5e8-48f17f8d4d88', 14, '500', '2020-02-13 00:51:23', '8217b572-3c7d-11ea-8876-c8f7501047dc', '2020-02-13 00:51:23', '8217b572-3c7d-11ea-8876-c8f7501047dc', 0),
('314ffcba-4dea-11ea-b5e8-48f17f8d4d88', '314aec25-4dea-11ea-b5e8-48f17f8d4d88', 15, '500', '2020-02-13 00:51:23', '8217b572-3c7d-11ea-8876-c8f7501047dc', '2020-02-13 00:51:23', '8217b572-3c7d-11ea-8876-c8f7501047dc', 0),
('3cb9d1eb-4de1-11ea-b5e8-48f17f8d4d88', '3cb90c2e-4de1-11ea-b5e8-48f17f8d4d88', 1, '500', '2020-02-12 23:47:17', '8217b572-3c7d-11ea-8876-c8f7501047dc', '2020-02-12 23:47:17', '8217b572-3c7d-11ea-8876-c8f7501047dc', 0),
('3cba435d-4de1-11ea-b5e8-48f17f8d4d88', '3cb90c2e-4de1-11ea-b5e8-48f17f8d4d88', 2, '500', '2020-02-12 23:47:17', '8217b572-3c7d-11ea-8876-c8f7501047dc', '2020-02-12 23:47:17', '8217b572-3c7d-11ea-8876-c8f7501047dc', 0),
('3cba90e8-4de1-11ea-b5e8-48f17f8d4d88', '3cb90c2e-4de1-11ea-b5e8-48f17f8d4d88', 3, '14', '2020-02-12 23:47:17', '8217b572-3c7d-11ea-8876-c8f7501047dc', '2020-02-12 23:47:17', '8217b572-3c7d-11ea-8876-c8f7501047dc', 0),
('3cbae4b1-4de1-11ea-b5e8-48f17f8d4d88', '3cb90c2e-4de1-11ea-b5e8-48f17f8d4d88', 4, '500', '2020-02-12 23:47:17', '8217b572-3c7d-11ea-8876-c8f7501047dc', '2020-02-12 23:47:17', '8217b572-3c7d-11ea-8876-c8f7501047dc', 0),
('3cbb2bc0-4de1-11ea-b5e8-48f17f8d4d88', '3cb90c2e-4de1-11ea-b5e8-48f17f8d4d88', 5, '500', '2020-02-12 23:47:17', '8217b572-3c7d-11ea-8876-c8f7501047dc', '2020-02-12 23:47:17', '8217b572-3c7d-11ea-8876-c8f7501047dc', 0),
('3cbb6ef9-4de1-11ea-b5e8-48f17f8d4d88', '3cb90c2e-4de1-11ea-b5e8-48f17f8d4d88', 6, '500', '2020-02-12 23:47:17', '8217b572-3c7d-11ea-8876-c8f7501047dc', '2020-02-12 23:47:17', '8217b572-3c7d-11ea-8876-c8f7501047dc', 0),
('3cbbb859-4de1-11ea-b5e8-48f17f8d4d88', '3cb90c2e-4de1-11ea-b5e8-48f17f8d4d88', 7, '500', '2020-02-12 23:47:17', '8217b572-3c7d-11ea-8876-c8f7501047dc', '2020-02-12 23:47:17', '8217b572-3c7d-11ea-8876-c8f7501047dc', 0),
('3cbbf17a-4de1-11ea-b5e8-48f17f8d4d88', '3cb90c2e-4de1-11ea-b5e8-48f17f8d4d88', 8, '500', '2020-02-12 23:47:17', '8217b572-3c7d-11ea-8876-c8f7501047dc', '2020-02-12 23:47:17', '8217b572-3c7d-11ea-8876-c8f7501047dc', 0),
('3cbc3214-4de1-11ea-b5e8-48f17f8d4d88', '3cb90c2e-4de1-11ea-b5e8-48f17f8d4d88', 9, '500', '2020-02-12 23:47:17', '8217b572-3c7d-11ea-8876-c8f7501047dc', '2020-02-12 23:47:17', '8217b572-3c7d-11ea-8876-c8f7501047dc', 0),
('3cbc6521-4de1-11ea-b5e8-48f17f8d4d88', '3cb90c2e-4de1-11ea-b5e8-48f17f8d4d88', 10, '500', '2020-02-12 23:47:17', '8217b572-3c7d-11ea-8876-c8f7501047dc', '2020-02-12 23:47:17', '8217b572-3c7d-11ea-8876-c8f7501047dc', 0),
('3cbc9130-4de1-11ea-b5e8-48f17f8d4d88', '3cb90c2e-4de1-11ea-b5e8-48f17f8d4d88', 11, '500', '2020-02-12 23:47:17', '8217b572-3c7d-11ea-8876-c8f7501047dc', '2020-02-12 23:47:17', '8217b572-3c7d-11ea-8876-c8f7501047dc', 0),
('3cbcbe92-4de1-11ea-b5e8-48f17f8d4d88', '3cb90c2e-4de1-11ea-b5e8-48f17f8d4d88', 12, '500', '2020-02-12 23:47:17', '8217b572-3c7d-11ea-8876-c8f7501047dc', '2020-02-12 23:47:17', '8217b572-3c7d-11ea-8876-c8f7501047dc', 0),
('3cbcea72-4de1-11ea-b5e8-48f17f8d4d88', '3cb90c2e-4de1-11ea-b5e8-48f17f8d4d88', 13, '500', '2020-02-12 23:47:17', '8217b572-3c7d-11ea-8876-c8f7501047dc', '2020-02-12 23:47:17', '8217b572-3c7d-11ea-8876-c8f7501047dc', 0),
('3cbd1b08-4de1-11ea-b5e8-48f17f8d4d88', '3cb90c2e-4de1-11ea-b5e8-48f17f8d4d88', 14, '500', '2020-02-12 23:47:17', '8217b572-3c7d-11ea-8876-c8f7501047dc', '2020-02-12 23:47:17', '8217b572-3c7d-11ea-8876-c8f7501047dc', 0),
('3cbd4ebd-4de1-11ea-b5e8-48f17f8d4d88', '3cb90c2e-4de1-11ea-b5e8-48f17f8d4d88', 15, '500', '2020-02-12 23:47:17', '8217b572-3c7d-11ea-8876-c8f7501047dc', '2020-02-12 23:47:17', '8217b572-3c7d-11ea-8876-c8f7501047dc', 0),
('4815ee67-4ddb-11ea-b5e8-48f17f8d4d88', '48154592-4ddb-11ea-b5e8-48f17f8d4d88', 1, '3234', '2020-02-12 23:04:39', '8217b572-3c7d-11ea-8876-c8f7501047dc', '2020-02-12 23:04:39', '8217b572-3c7d-11ea-8876-c8f7501047dc', 0),
('481629c3-4ddb-11ea-b5e8-48f17f8d4d88', '48154592-4ddb-11ea-b5e8-48f17f8d4d88', 2, '4324', '2020-02-12 23:04:39', '8217b572-3c7d-11ea-8876-c8f7501047dc', '2020-02-12 23:04:39', '8217b572-3c7d-11ea-8876-c8f7501047dc', 0),
('481688a2-4ddb-11ea-b5e8-48f17f8d4d88', '48154592-4ddb-11ea-b5e8-48f17f8d4d88', 3, '4324324', '2020-02-12 23:04:39', '8217b572-3c7d-11ea-8876-c8f7501047dc', '2020-02-12 23:04:39', '8217b572-3c7d-11ea-8876-c8f7501047dc', 0),
('4816fe23-4ddb-11ea-b5e8-48f17f8d4d88', '48154592-4ddb-11ea-b5e8-48f17f8d4d88', 4, '324', '2020-02-12 23:04:39', '8217b572-3c7d-11ea-8876-c8f7501047dc', '2020-02-12 23:04:39', '8217b572-3c7d-11ea-8876-c8f7501047dc', 0),
('4817658c-4ddb-11ea-b5e8-48f17f8d4d88', '48154592-4ddb-11ea-b5e8-48f17f8d4d88', 5, '434324', '2020-02-12 23:04:39', '8217b572-3c7d-11ea-8876-c8f7501047dc', '2020-02-12 23:04:39', '8217b572-3c7d-11ea-8876-c8f7501047dc', 0),
('4817e548-4ddb-11ea-b5e8-48f17f8d4d88', '48154592-4ddb-11ea-b5e8-48f17f8d4d88', 6, '4324', '2020-02-12 23:04:39', '8217b572-3c7d-11ea-8876-c8f7501047dc', '2020-02-12 23:04:39', '8217b572-3c7d-11ea-8876-c8f7501047dc', 0),
('4818334e-4ddb-11ea-b5e8-48f17f8d4d88', '48154592-4ddb-11ea-b5e8-48f17f8d4d88', 7, '432432', '2020-02-12 23:04:39', '8217b572-3c7d-11ea-8876-c8f7501047dc', '2020-02-12 23:04:39', '8217b572-3c7d-11ea-8876-c8f7501047dc', 0),
('4818686f-4ddb-11ea-b5e8-48f17f8d4d88', '48154592-4ddb-11ea-b5e8-48f17f8d4d88', 8, '24', '2020-02-12 23:04:39', '8217b572-3c7d-11ea-8876-c8f7501047dc', '2020-02-12 23:04:39', '8217b572-3c7d-11ea-8876-c8f7501047dc', 0),
('4818a6f5-4ddb-11ea-b5e8-48f17f8d4d88', '48154592-4ddb-11ea-b5e8-48f17f8d4d88', 9, '43243', '2020-02-12 23:04:39', '8217b572-3c7d-11ea-8876-c8f7501047dc', '2020-02-12 23:04:39', '8217b572-3c7d-11ea-8876-c8f7501047dc', 0),
('4818df90-4ddb-11ea-b5e8-48f17f8d4d88', '48154592-4ddb-11ea-b5e8-48f17f8d4d88', 10, '432443', '2020-02-12 23:04:39', '8217b572-3c7d-11ea-8876-c8f7501047dc', '2020-02-12 23:04:39', '8217b572-3c7d-11ea-8876-c8f7501047dc', 0),
('481914b3-4ddb-11ea-b5e8-48f17f8d4d88', '48154592-4ddb-11ea-b5e8-48f17f8d4d88', 11, '432432', '2020-02-12 23:04:39', '8217b572-3c7d-11ea-8876-c8f7501047dc', '2020-02-12 23:04:39', '8217b572-3c7d-11ea-8876-c8f7501047dc', 0),
('48195c40-4ddb-11ea-b5e8-48f17f8d4d88', '48154592-4ddb-11ea-b5e8-48f17f8d4d88', 12, '4324', '2020-02-12 23:04:39', '8217b572-3c7d-11ea-8876-c8f7501047dc', '2020-02-12 23:04:39', '8217b572-3c7d-11ea-8876-c8f7501047dc', 0),
('4819a457-4ddb-11ea-b5e8-48f17f8d4d88', '48154592-4ddb-11ea-b5e8-48f17f8d4d88', 13, '432432432', '2020-02-12 23:04:39', '8217b572-3c7d-11ea-8876-c8f7501047dc', '2020-02-12 23:04:39', '8217b572-3c7d-11ea-8876-c8f7501047dc', 0),
('4819e228-4ddb-11ea-b5e8-48f17f8d4d88', '48154592-4ddb-11ea-b5e8-48f17f8d4d88', 14, '32432', '2020-02-12 23:04:39', '8217b572-3c7d-11ea-8876-c8f7501047dc', '2020-02-12 23:04:39', '8217b572-3c7d-11ea-8876-c8f7501047dc', 0),
('481a185d-4ddb-11ea-b5e8-48f17f8d4d88', '48154592-4ddb-11ea-b5e8-48f17f8d4d88', 15, '432432', '2020-02-12 23:04:39', '8217b572-3c7d-11ea-8876-c8f7501047dc', '2020-02-12 23:04:39', '8217b572-3c7d-11ea-8876-c8f7501047dc', 0),
('4e0dd8d7-56d0-11ea-b1f1-48f17f8d4d88', '4e0d7f7b-56d0-11ea-b1f1-48f17f8d4d88', 1, '0', '2020-02-24 08:38:45', 'test', '2020-02-24 08:38:45', 'test', 1),
('4e0e3f28-56d0-11ea-b1f1-48f17f8d4d88', '4e0d7f7b-56d0-11ea-b1f1-48f17f8d4d88', 2, '0', '2020-02-24 08:38:45', 'test', '2020-02-24 08:38:45', 'test', 1),
('4e0e8c56-56d0-11ea-b1f1-48f17f8d4d88', '4e0d7f7b-56d0-11ea-b1f1-48f17f8d4d88', 3, '0', '2020-02-24 08:38:45', 'test', '2020-02-24 08:38:45', 'test', 1),
('4e0ec5b0-56d0-11ea-b1f1-48f17f8d4d88', '4e0d7f7b-56d0-11ea-b1f1-48f17f8d4d88', 4, '0', '2020-02-24 08:38:45', 'test', '2020-02-24 08:38:45', 'test', 1),
('4e0eed2b-56d0-11ea-b1f1-48f17f8d4d88', '4e0d7f7b-56d0-11ea-b1f1-48f17f8d4d88', 5, '0', '2020-02-24 08:38:45', 'test', '2020-02-24 08:38:45', 'test', 1),
('4e0f1088-56d0-11ea-b1f1-48f17f8d4d88', '4e0d7f7b-56d0-11ea-b1f1-48f17f8d4d88', 6, '0', '2020-02-24 08:38:45', 'test', '2020-02-24 08:38:45', 'test', 1),
('4e0f36bd-56d0-11ea-b1f1-48f17f8d4d88', '4e0d7f7b-56d0-11ea-b1f1-48f17f8d4d88', 7, '0', '2020-02-24 08:38:45', 'test', '2020-02-24 08:38:45', 'test', 1),
('4e0f61cd-56d0-11ea-b1f1-48f17f8d4d88', '4e0d7f7b-56d0-11ea-b1f1-48f17f8d4d88', 8, '0', '2020-02-24 08:38:45', 'test', '2020-02-24 08:38:45', 'test', 1),
('4e0f8951-56d0-11ea-b1f1-48f17f8d4d88', '4e0d7f7b-56d0-11ea-b1f1-48f17f8d4d88', 9, '0', '2020-02-24 08:38:45', 'test', '2020-02-24 08:38:45', 'test', 1),
('4e0fb093-56d0-11ea-b1f1-48f17f8d4d88', '4e0d7f7b-56d0-11ea-b1f1-48f17f8d4d88', 10, '0', '2020-02-24 08:38:45', 'test', '2020-02-24 08:38:45', 'test', 1),
('4e0fd95f-56d0-11ea-b1f1-48f17f8d4d88', '4e0d7f7b-56d0-11ea-b1f1-48f17f8d4d88', 11, '0', '2020-02-24 08:38:45', 'test', '2020-02-24 08:38:45', 'test', 1),
('4e10051f-56d0-11ea-b1f1-48f17f8d4d88', '4e0d7f7b-56d0-11ea-b1f1-48f17f8d4d88', 12, '0', '2020-02-24 08:38:45', 'test', '2020-02-24 08:38:45', 'test', 1),
('4e102efd-56d0-11ea-b1f1-48f17f8d4d88', '4e0d7f7b-56d0-11ea-b1f1-48f17f8d4d88', 13, '0', '2020-02-24 08:38:45', '8217b572-3c7d-11ea-8876-c8f7501047dc', '2020-02-24 08:38:45', '8217b572-3c7d-11ea-8876-c8f7501047dc', 1),
('4e105982-56d0-11ea-b1f1-48f17f8d4d88', '4e0d7f7b-56d0-11ea-b1f1-48f17f8d4d88', 14, '0', '2020-02-24 08:38:45', 'test', '2020-02-24 08:38:45', 'test', 1),
('4e108184-56d0-11ea-b1f1-48f17f8d4d88', '4e0d7f7b-56d0-11ea-b1f1-48f17f8d4d88', 15, '0', '2020-02-24 08:38:45', '8217b572-3c7d-11ea-8876-c8f7501047dc', '2020-02-24 08:38:45', '8217b572-3c7d-11ea-8876-c8f7501047dc', 1),
('56b400a2-4a85-11ea-b387-c8f7501047dc', '56b344ac-4a85-11ea-b387-c8f7501047dc', 1, '0', '2020-02-08 17:11:47', '8217b572-3c7d-11ea-8876-c8f7501047dc', '2020-02-08 17:11:47', '8217b572-3c7d-11ea-8876-c8f7501047dc', 0),
('56b4a870-4a85-11ea-b387-c8f7501047dc', '56b344ac-4a85-11ea-b387-c8f7501047dc', 2, '0', '2020-02-08 17:11:47', '8217b572-3c7d-11ea-8876-c8f7501047dc', '2020-02-08 17:11:47', '8217b572-3c7d-11ea-8876-c8f7501047dc', 0),
('56b54ab8-4a85-11ea-b387-c8f7501047dc', '56b344ac-4a85-11ea-b387-c8f7501047dc', 3, '0', '2020-02-08 17:11:47', '8217b572-3c7d-11ea-8876-c8f7501047dc', '2020-02-08 17:11:47', '8217b572-3c7d-11ea-8876-c8f7501047dc', 0),
('56b5d317-4a85-11ea-b387-c8f7501047dc', '56b344ac-4a85-11ea-b387-c8f7501047dc', 4, '0', '2020-02-08 17:11:47', '8217b572-3c7d-11ea-8876-c8f7501047dc', '2020-02-08 17:11:47', '8217b572-3c7d-11ea-8876-c8f7501047dc', 0),
('56b665c1-4a85-11ea-b387-c8f7501047dc', '56b344ac-4a85-11ea-b387-c8f7501047dc', 5, '0', '2020-02-08 17:11:47', '8217b572-3c7d-11ea-8876-c8f7501047dc', '2020-02-08 17:11:47', '8217b572-3c7d-11ea-8876-c8f7501047dc', 0),
('56b70e9b-4a85-11ea-b387-c8f7501047dc', '56b344ac-4a85-11ea-b387-c8f7501047dc', 6, '0', '2020-02-08 17:11:47', '8217b572-3c7d-11ea-8876-c8f7501047dc', '2020-02-08 17:11:47', '8217b572-3c7d-11ea-8876-c8f7501047dc', 0),
('56b7c02c-4a85-11ea-b387-c8f7501047dc', '56b344ac-4a85-11ea-b387-c8f7501047dc', 7, '0', '2020-02-08 17:11:47', '8217b572-3c7d-11ea-8876-c8f7501047dc', '2020-02-08 17:11:47', '8217b572-3c7d-11ea-8876-c8f7501047dc', 0),
('56b86ea1-4a85-11ea-b387-c8f7501047dc', '56b344ac-4a85-11ea-b387-c8f7501047dc', 8, '0', '2020-02-08 17:11:47', '8217b572-3c7d-11ea-8876-c8f7501047dc', '2020-02-08 17:11:47', '8217b572-3c7d-11ea-8876-c8f7501047dc', 0),
('56b95072-4a85-11ea-b387-c8f7501047dc', '56b344ac-4a85-11ea-b387-c8f7501047dc', 9, '0', '2020-02-08 17:11:47', '8217b572-3c7d-11ea-8876-c8f7501047dc', '2020-02-08 17:11:47', '8217b572-3c7d-11ea-8876-c8f7501047dc', 0),
('56ba2452-4a85-11ea-b387-c8f7501047dc', '56b344ac-4a85-11ea-b387-c8f7501047dc', 10, '0', '2020-02-08 17:11:47', '8217b572-3c7d-11ea-8876-c8f7501047dc', '2020-02-08 17:11:47', '8217b572-3c7d-11ea-8876-c8f7501047dc', 0),
('56bad9f0-4a85-11ea-b387-c8f7501047dc', '56b344ac-4a85-11ea-b387-c8f7501047dc', 11, '0', '2020-02-08 17:11:47', '8217b572-3c7d-11ea-8876-c8f7501047dc', '2020-02-08 17:11:47', '8217b572-3c7d-11ea-8876-c8f7501047dc', 0),
('56bb8840-4a85-11ea-b387-c8f7501047dc', '56b344ac-4a85-11ea-b387-c8f7501047dc', 12, '0', '2020-02-08 17:11:47', '8217b572-3c7d-11ea-8876-c8f7501047dc', '2020-02-08 17:11:47', '8217b572-3c7d-11ea-8876-c8f7501047dc', 0),
('56bc3e61-4a85-11ea-b387-c8f7501047dc', '56b344ac-4a85-11ea-b387-c8f7501047dc', 13, '0', '2020-02-08 17:11:47', '8217b572-3c7d-11ea-8876-c8f7501047dc', '2020-02-08 17:11:47', '8217b572-3c7d-11ea-8876-c8f7501047dc', 0),
('56bceed8-4a85-11ea-b387-c8f7501047dc', '56b344ac-4a85-11ea-b387-c8f7501047dc', 14, '0', '2020-02-08 17:11:47', '8217b572-3c7d-11ea-8876-c8f7501047dc', '2020-02-08 17:11:47', '8217b572-3c7d-11ea-8876-c8f7501047dc', 0),
('56bd955c-4a85-11ea-b387-c8f7501047dc', '56b344ac-4a85-11ea-b387-c8f7501047dc', 15, '0', '2020-02-08 17:11:47', '8217b572-3c7d-11ea-8876-c8f7501047dc', '2020-02-08 17:11:47', '8217b572-3c7d-11ea-8876-c8f7501047dc', 0),
('5a97a763-4dce-11ea-b5e8-48f17f8d4d88', '5a96d3b1-4dce-11ea-b5e8-48f17f8d4d88', 1, '0', '2020-02-12 21:32:06', '8217b572-3c7d-11ea-8876-c8f7501047dc', '2020-02-12 21:32:06', '8217b572-3c7d-11ea-8876-c8f7501047dc', 0),
('5a9805bb-4dce-11ea-b5e8-48f17f8d4d88', '5a96d3b1-4dce-11ea-b5e8-48f17f8d4d88', 2, '0', '2020-02-12 21:32:06', '8217b572-3c7d-11ea-8876-c8f7501047dc', '2020-02-12 21:32:06', '8217b572-3c7d-11ea-8876-c8f7501047dc', 0),
('5a986dce-4dce-11ea-b5e8-48f17f8d4d88', '5a96d3b1-4dce-11ea-b5e8-48f17f8d4d88', 3, '0', '2020-02-12 21:32:06', '8217b572-3c7d-11ea-8876-c8f7501047dc', '2020-02-12 21:32:06', '8217b572-3c7d-11ea-8876-c8f7501047dc', 0),
('5a98dbb4-4dce-11ea-b5e8-48f17f8d4d88', '5a96d3b1-4dce-11ea-b5e8-48f17f8d4d88', 4, '0', '2020-02-12 21:32:06', '8217b572-3c7d-11ea-8876-c8f7501047dc', '2020-02-12 21:32:06', '8217b572-3c7d-11ea-8876-c8f7501047dc', 0),
('5a992aa1-4dce-11ea-b5e8-48f17f8d4d88', '5a96d3b1-4dce-11ea-b5e8-48f17f8d4d88', 5, '0', '2020-02-12 21:32:06', '8217b572-3c7d-11ea-8876-c8f7501047dc', '2020-02-12 21:32:06', '8217b572-3c7d-11ea-8876-c8f7501047dc', 0),
('5a996f46-4dce-11ea-b5e8-48f17f8d4d88', '5a96d3b1-4dce-11ea-b5e8-48f17f8d4d88', 6, '0', '2020-02-12 21:32:06', '8217b572-3c7d-11ea-8876-c8f7501047dc', '2020-02-12 21:32:06', '8217b572-3c7d-11ea-8876-c8f7501047dc', 0),
('5a99afe0-4dce-11ea-b5e8-48f17f8d4d88', '5a96d3b1-4dce-11ea-b5e8-48f17f8d4d88', 7, '0', '2020-02-12 21:32:06', '8217b572-3c7d-11ea-8876-c8f7501047dc', '2020-02-12 21:32:06', '8217b572-3c7d-11ea-8876-c8f7501047dc', 0),
('5a99f8ea-4dce-11ea-b5e8-48f17f8d4d88', '5a96d3b1-4dce-11ea-b5e8-48f17f8d4d88', 8, '0', '2020-02-12 21:32:06', '8217b572-3c7d-11ea-8876-c8f7501047dc', '2020-02-12 21:32:06', '8217b572-3c7d-11ea-8876-c8f7501047dc', 0),
('5a9a3a60-4dce-11ea-b5e8-48f17f8d4d88', '5a96d3b1-4dce-11ea-b5e8-48f17f8d4d88', 9, '0', '2020-02-12 21:32:06', '8217b572-3c7d-11ea-8876-c8f7501047dc', '2020-02-12 21:32:06', '8217b572-3c7d-11ea-8876-c8f7501047dc', 0),
('5a9a8366-4dce-11ea-b5e8-48f17f8d4d88', '5a96d3b1-4dce-11ea-b5e8-48f17f8d4d88', 10, '0', '2020-02-12 21:32:06', '8217b572-3c7d-11ea-8876-c8f7501047dc', '2020-02-12 21:32:06', '8217b572-3c7d-11ea-8876-c8f7501047dc', 0),
('5a9abb9a-4dce-11ea-b5e8-48f17f8d4d88', '5a96d3b1-4dce-11ea-b5e8-48f17f8d4d88', 11, '0', '2020-02-12 21:32:06', '8217b572-3c7d-11ea-8876-c8f7501047dc', '2020-02-12 21:32:06', '8217b572-3c7d-11ea-8876-c8f7501047dc', 0),
('5a9aea92-4dce-11ea-b5e8-48f17f8d4d88', '5a96d3b1-4dce-11ea-b5e8-48f17f8d4d88', 12, '0', '2020-02-12 21:32:06', '8217b572-3c7d-11ea-8876-c8f7501047dc', '2020-02-12 21:32:06', '8217b572-3c7d-11ea-8876-c8f7501047dc', 0),
('5a9b1812-4dce-11ea-b5e8-48f17f8d4d88', '5a96d3b1-4dce-11ea-b5e8-48f17f8d4d88', 13, '0', '2020-02-12 21:32:06', '8217b572-3c7d-11ea-8876-c8f7501047dc', '2020-02-12 21:32:06', '8217b572-3c7d-11ea-8876-c8f7501047dc', 0),
('5a9b49d5-4dce-11ea-b5e8-48f17f8d4d88', '5a96d3b1-4dce-11ea-b5e8-48f17f8d4d88', 14, '0', '2020-02-12 21:32:06', '8217b572-3c7d-11ea-8876-c8f7501047dc', '2020-02-12 21:32:06', '8217b572-3c7d-11ea-8876-c8f7501047dc', 0),
('5a9b79b4-4dce-11ea-b5e8-48f17f8d4d88', '5a96d3b1-4dce-11ea-b5e8-48f17f8d4d88', 15, '0', '2020-02-12 21:32:06', '8217b572-3c7d-11ea-8876-c8f7501047dc', '2020-02-12 21:32:06', '8217b572-3c7d-11ea-8876-c8f7501047dc', 0),
('636495ab-4b6d-11ea-ad8f-c8f7501047dc', '6363fe3c-4b6d-11ea-ad8f-c8f7501047dc', 1, '0', '2020-02-09 20:52:57', '8217b572-3c7d-11ea-8876-c8f7501047dc', '2020-02-09 20:52:57', '8217b572-3c7d-11ea-8876-c8f7501047dc', 0),
('63651f3f-4b6d-11ea-ad8f-c8f7501047dc', '6363fe3c-4b6d-11ea-ad8f-c8f7501047dc', 2, '0', '2020-02-09 20:52:57', '8217b572-3c7d-11ea-8876-c8f7501047dc', '2020-02-09 20:52:57', '8217b572-3c7d-11ea-8876-c8f7501047dc', 0),
('6365a642-4b6d-11ea-ad8f-c8f7501047dc', '6363fe3c-4b6d-11ea-ad8f-c8f7501047dc', 3, '0', '2020-02-09 20:52:57', '8217b572-3c7d-11ea-8876-c8f7501047dc', '2020-02-09 20:52:57', '8217b572-3c7d-11ea-8876-c8f7501047dc', 0),
('63665d20-4b6d-11ea-ad8f-c8f7501047dc', '6363fe3c-4b6d-11ea-ad8f-c8f7501047dc', 4, '0', '2020-02-09 20:52:57', '8217b572-3c7d-11ea-8876-c8f7501047dc', '2020-02-09 20:52:57', '8217b572-3c7d-11ea-8876-c8f7501047dc', 0),
('6366e2e3-4b6d-11ea-ad8f-c8f7501047dc', '6363fe3c-4b6d-11ea-ad8f-c8f7501047dc', 5, '0', '2020-02-09 20:52:57', '8217b572-3c7d-11ea-8876-c8f7501047dc', '2020-02-09 20:52:57', '8217b572-3c7d-11ea-8876-c8f7501047dc', 0),
('63676d09-4b6d-11ea-ad8f-c8f7501047dc', '6363fe3c-4b6d-11ea-ad8f-c8f7501047dc', 6, '0', '2020-02-09 20:52:57', '8217b572-3c7d-11ea-8876-c8f7501047dc', '2020-02-09 20:52:57', '8217b572-3c7d-11ea-8876-c8f7501047dc', 0),
('6367f757-4b6d-11ea-ad8f-c8f7501047dc', '6363fe3c-4b6d-11ea-ad8f-c8f7501047dc', 7, '0', '2020-02-09 20:52:57', '8217b572-3c7d-11ea-8876-c8f7501047dc', '2020-02-09 20:52:57', '8217b572-3c7d-11ea-8876-c8f7501047dc', 0),
('63687bd7-4b6d-11ea-ad8f-c8f7501047dc', '6363fe3c-4b6d-11ea-ad8f-c8f7501047dc', 8, '0', '2020-02-09 20:52:57', '8217b572-3c7d-11ea-8876-c8f7501047dc', '2020-02-09 20:52:57', '8217b572-3c7d-11ea-8876-c8f7501047dc', 0),
('636900c5-4b6d-11ea-ad8f-c8f7501047dc', '6363fe3c-4b6d-11ea-ad8f-c8f7501047dc', 9, '0', '2020-02-09 20:52:57', '8217b572-3c7d-11ea-8876-c8f7501047dc', '2020-02-09 20:52:57', '8217b572-3c7d-11ea-8876-c8f7501047dc', 0),
('636983b9-4b6d-11ea-ad8f-c8f7501047dc', '6363fe3c-4b6d-11ea-ad8f-c8f7501047dc', 10, '0', '2020-02-09 20:52:57', '8217b572-3c7d-11ea-8876-c8f7501047dc', '2020-02-09 20:52:57', '8217b572-3c7d-11ea-8876-c8f7501047dc', 0),
('636a0e08-4b6d-11ea-ad8f-c8f7501047dc', '6363fe3c-4b6d-11ea-ad8f-c8f7501047dc', 11, '0', '2020-02-09 20:52:57', '8217b572-3c7d-11ea-8876-c8f7501047dc', '2020-02-09 20:52:57', '8217b572-3c7d-11ea-8876-c8f7501047dc', 0),
('636acdc6-4b6d-11ea-ad8f-c8f7501047dc', '6363fe3c-4b6d-11ea-ad8f-c8f7501047dc', 12, '0', '2020-02-09 20:52:57', '8217b572-3c7d-11ea-8876-c8f7501047dc', '2020-02-09 20:52:57', '8217b572-3c7d-11ea-8876-c8f7501047dc', 0),
('636b925a-4b6d-11ea-ad8f-c8f7501047dc', '6363fe3c-4b6d-11ea-ad8f-c8f7501047dc', 13, '0', '2020-02-09 20:52:57', '8217b572-3c7d-11ea-8876-c8f7501047dc', '2020-02-09 20:52:57', '8217b572-3c7d-11ea-8876-c8f7501047dc', 0),
('636c1237-4b6d-11ea-ad8f-c8f7501047dc', '6363fe3c-4b6d-11ea-ad8f-c8f7501047dc', 14, '0', '2020-02-09 20:52:57', '8217b572-3c7d-11ea-8876-c8f7501047dc', '2020-02-09 20:52:57', '8217b572-3c7d-11ea-8876-c8f7501047dc', 0),
('636c97a5-4b6d-11ea-ad8f-c8f7501047dc', '6363fe3c-4b6d-11ea-ad8f-c8f7501047dc', 15, '0', '2020-02-09 20:52:57', '8217b572-3c7d-11ea-8876-c8f7501047dc', '2020-02-09 20:52:57', '8217b572-3c7d-11ea-8876-c8f7501047dc', 0),
('6cf09dea-4dd1-11ea-b5e8-48f17f8d4d88', '6cefd984-4dd1-11ea-b5e8-48f17f8d4d88', 1, '0', '2020-02-12 21:54:05', '8217b572-3c7d-11ea-8876-c8f7501047dc', '2020-02-12 21:54:05', '8217b572-3c7d-11ea-8876-c8f7501047dc', 0),
('6cf10950-4dd1-11ea-b5e8-48f17f8d4d88', '6cefd984-4dd1-11ea-b5e8-48f17f8d4d88', 2, '0', '2020-02-12 21:54:05', '8217b572-3c7d-11ea-8876-c8f7501047dc', '2020-02-12 21:54:05', '8217b572-3c7d-11ea-8876-c8f7501047dc', 0),
('6cf179ff-4dd1-11ea-b5e8-48f17f8d4d88', '6cefd984-4dd1-11ea-b5e8-48f17f8d4d88', 3, '0', '2020-02-12 21:54:05', '8217b572-3c7d-11ea-8876-c8f7501047dc', '2020-02-12 21:54:05', '8217b572-3c7d-11ea-8876-c8f7501047dc', 0),
('6cf1cf97-4dd1-11ea-b5e8-48f17f8d4d88', '6cefd984-4dd1-11ea-b5e8-48f17f8d4d88', 4, '0', '2020-02-12 21:54:05', '8217b572-3c7d-11ea-8876-c8f7501047dc', '2020-02-12 21:54:05', '8217b572-3c7d-11ea-8876-c8f7501047dc', 0),
('6cf21d75-4dd1-11ea-b5e8-48f17f8d4d88', '6cefd984-4dd1-11ea-b5e8-48f17f8d4d88', 5, '0', '2020-02-12 21:54:05', '8217b572-3c7d-11ea-8876-c8f7501047dc', '2020-02-12 21:54:05', '8217b572-3c7d-11ea-8876-c8f7501047dc', 0),
('6cf28aa1-4dd1-11ea-b5e8-48f17f8d4d88', '6cefd984-4dd1-11ea-b5e8-48f17f8d4d88', 6, '0', '2020-02-12 21:54:05', '8217b572-3c7d-11ea-8876-c8f7501047dc', '2020-02-12 21:54:05', '8217b572-3c7d-11ea-8876-c8f7501047dc', 0),
('6cf2da37-4dd1-11ea-b5e8-48f17f8d4d88', '6cefd984-4dd1-11ea-b5e8-48f17f8d4d88', 7, '0', '2020-02-12 21:54:05', '8217b572-3c7d-11ea-8876-c8f7501047dc', '2020-02-12 21:54:05', '8217b572-3c7d-11ea-8876-c8f7501047dc', 0),
('6cf334c4-4dd1-11ea-b5e8-48f17f8d4d88', '6cefd984-4dd1-11ea-b5e8-48f17f8d4d88', 8, '0', '2020-02-12 21:54:05', '8217b572-3c7d-11ea-8876-c8f7501047dc', '2020-02-12 21:54:05', '8217b572-3c7d-11ea-8876-c8f7501047dc', 0),
('6cf38fb4-4dd1-11ea-b5e8-48f17f8d4d88', '6cefd984-4dd1-11ea-b5e8-48f17f8d4d88', 9, '0', '2020-02-12 21:54:05', '8217b572-3c7d-11ea-8876-c8f7501047dc', '2020-02-12 21:54:05', '8217b572-3c7d-11ea-8876-c8f7501047dc', 0),
('6cf3e744-4dd1-11ea-b5e8-48f17f8d4d88', '6cefd984-4dd1-11ea-b5e8-48f17f8d4d88', 10, '0', '2020-02-12 21:54:05', '8217b572-3c7d-11ea-8876-c8f7501047dc', '2020-02-12 21:54:05', '8217b572-3c7d-11ea-8876-c8f7501047dc', 0),
('6cf45649-4dd1-11ea-b5e8-48f17f8d4d88', '6cefd984-4dd1-11ea-b5e8-48f17f8d4d88', 11, '0', '2020-02-12 21:54:05', '8217b572-3c7d-11ea-8876-c8f7501047dc', '2020-02-12 21:54:05', '8217b572-3c7d-11ea-8876-c8f7501047dc', 0),
('6cf4b2b6-4dd1-11ea-b5e8-48f17f8d4d88', '6cefd984-4dd1-11ea-b5e8-48f17f8d4d88', 12, '0', '2020-02-12 21:54:05', '8217b572-3c7d-11ea-8876-c8f7501047dc', '2020-02-12 21:54:05', '8217b572-3c7d-11ea-8876-c8f7501047dc', 0),
('6cf4f845-4dd1-11ea-b5e8-48f17f8d4d88', '6cefd984-4dd1-11ea-b5e8-48f17f8d4d88', 13, '0', '2020-02-12 21:54:05', '8217b572-3c7d-11ea-8876-c8f7501047dc', '2020-02-12 21:54:05', '8217b572-3c7d-11ea-8876-c8f7501047dc', 0),
('6cf53c8f-4dd1-11ea-b5e8-48f17f8d4d88', '6cefd984-4dd1-11ea-b5e8-48f17f8d4d88', 14, '0', '2020-02-12 21:54:05', '8217b572-3c7d-11ea-8876-c8f7501047dc', '2020-02-12 21:54:05', '8217b572-3c7d-11ea-8876-c8f7501047dc', 0),
('6cf59195-4dd1-11ea-b5e8-48f17f8d4d88', '6cefd984-4dd1-11ea-b5e8-48f17f8d4d88', 15, '0', '2020-02-12 21:54:05', '8217b572-3c7d-11ea-8876-c8f7501047dc', '2020-02-12 21:54:05', '8217b572-3c7d-11ea-8876-c8f7501047dc', 0),
('70ef35c9-4dcd-11ea-b5e8-48f17f8d4d88', '70eea917-4dcd-11ea-b5e8-48f17f8d4d88', 1, '0', '2020-02-12 21:25:34', '8217b572-3c7d-11ea-8876-c8f7501047dc', '2020-02-12 21:25:34', '8217b572-3c7d-11ea-8876-c8f7501047dc', 0),
('70ef65de-4dcd-11ea-b5e8-48f17f8d4d88', '70eea917-4dcd-11ea-b5e8-48f17f8d4d88', 2, '0', '2020-02-12 21:25:34', '8217b572-3c7d-11ea-8876-c8f7501047dc', '2020-02-12 21:25:34', '8217b572-3c7d-11ea-8876-c8f7501047dc', 0),
('70efa7c7-4dcd-11ea-b5e8-48f17f8d4d88', '70eea917-4dcd-11ea-b5e8-48f17f8d4d88', 3, '0', '2020-02-12 21:25:34', '8217b572-3c7d-11ea-8876-c8f7501047dc', '2020-02-12 21:25:34', '8217b572-3c7d-11ea-8876-c8f7501047dc', 0),
('70efdf28-4dcd-11ea-b5e8-48f17f8d4d88', '70eea917-4dcd-11ea-b5e8-48f17f8d4d88', 4, '0', '2020-02-12 21:25:34', '8217b572-3c7d-11ea-8876-c8f7501047dc', '2020-02-12 21:25:34', '8217b572-3c7d-11ea-8876-c8f7501047dc', 0),
('70f012f4-4dcd-11ea-b5e8-48f17f8d4d88', '70eea917-4dcd-11ea-b5e8-48f17f8d4d88', 5, '0', '2020-02-12 21:25:34', '8217b572-3c7d-11ea-8876-c8f7501047dc', '2020-02-12 21:25:34', '8217b572-3c7d-11ea-8876-c8f7501047dc', 0),
('70f04100-4dcd-11ea-b5e8-48f17f8d4d88', '70eea917-4dcd-11ea-b5e8-48f17f8d4d88', 6, '0', '2020-02-12 21:25:34', '8217b572-3c7d-11ea-8876-c8f7501047dc', '2020-02-12 21:25:34', '8217b572-3c7d-11ea-8876-c8f7501047dc', 0),
('70f06b7e-4dcd-11ea-b5e8-48f17f8d4d88', '70eea917-4dcd-11ea-b5e8-48f17f8d4d88', 7, '0', '2020-02-12 21:25:34', '8217b572-3c7d-11ea-8876-c8f7501047dc', '2020-02-12 21:25:34', '8217b572-3c7d-11ea-8876-c8f7501047dc', 0),
('70f097c1-4dcd-11ea-b5e8-48f17f8d4d88', '70eea917-4dcd-11ea-b5e8-48f17f8d4d88', 8, '0', '2020-02-12 21:25:34', '8217b572-3c7d-11ea-8876-c8f7501047dc', '2020-02-12 21:25:34', '8217b572-3c7d-11ea-8876-c8f7501047dc', 0),
('70f0ca5b-4dcd-11ea-b5e8-48f17f8d4d88', '70eea917-4dcd-11ea-b5e8-48f17f8d4d88', 9, '0', '2020-02-12 21:25:34', '8217b572-3c7d-11ea-8876-c8f7501047dc', '2020-02-12 21:25:34', '8217b572-3c7d-11ea-8876-c8f7501047dc', 0),
('70f0f110-4dcd-11ea-b5e8-48f17f8d4d88', '70eea917-4dcd-11ea-b5e8-48f17f8d4d88', 10, '0', '2020-02-12 21:25:34', '8217b572-3c7d-11ea-8876-c8f7501047dc', '2020-02-12 21:25:34', '8217b572-3c7d-11ea-8876-c8f7501047dc', 0),
('70f1108a-4dcd-11ea-b5e8-48f17f8d4d88', '70eea917-4dcd-11ea-b5e8-48f17f8d4d88', 11, '0', '2020-02-12 21:25:34', '8217b572-3c7d-11ea-8876-c8f7501047dc', '2020-02-12 21:25:34', '8217b572-3c7d-11ea-8876-c8f7501047dc', 0),
('70f12ee5-4dcd-11ea-b5e8-48f17f8d4d88', '70eea917-4dcd-11ea-b5e8-48f17f8d4d88', 12, '0', '2020-02-12 21:25:34', '8217b572-3c7d-11ea-8876-c8f7501047dc', '2020-02-12 21:25:34', '8217b572-3c7d-11ea-8876-c8f7501047dc', 0),
('70f14d1b-4dcd-11ea-b5e8-48f17f8d4d88', '70eea917-4dcd-11ea-b5e8-48f17f8d4d88', 13, '0', '2020-02-12 21:25:34', '8217b572-3c7d-11ea-8876-c8f7501047dc', '2020-02-12 21:25:34', '8217b572-3c7d-11ea-8876-c8f7501047dc', 0),
('70f16b57-4dcd-11ea-b5e8-48f17f8d4d88', '70eea917-4dcd-11ea-b5e8-48f17f8d4d88', 14, '0', '2020-02-12 21:25:34', '8217b572-3c7d-11ea-8876-c8f7501047dc', '2020-02-12 21:25:34', '8217b572-3c7d-11ea-8876-c8f7501047dc', 0),
('70f18bb7-4dcd-11ea-b5e8-48f17f8d4d88', '70eea917-4dcd-11ea-b5e8-48f17f8d4d88', 15, '0', '2020-02-12 21:25:34', '8217b572-3c7d-11ea-8876-c8f7501047dc', '2020-02-12 21:25:34', '8217b572-3c7d-11ea-8876-c8f7501047dc', 0),
('80136c4e-4a85-11ea-b387-c8f7501047dc', '80129680-4a85-11ea-b387-c8f7501047dc', 1, '300', '2020-02-08 17:12:56', '8217b572-3c7d-11ea-8876-c8f7501047dc', '2020-02-08 17:12:56', '8217b572-3c7d-11ea-8876-c8f7501047dc', 0),
('801444cd-4a85-11ea-b387-c8f7501047dc', '80129680-4a85-11ea-b387-c8f7501047dc', 2, '300', '2020-02-08 17:12:56', '8217b572-3c7d-11ea-8876-c8f7501047dc', '2020-02-08 17:12:56', '8217b572-3c7d-11ea-8876-c8f7501047dc', 0),
('80152136-4a85-11ea-b387-c8f7501047dc', '80129680-4a85-11ea-b387-c8f7501047dc', 3, '300', '2020-02-08 17:12:56', '8217b572-3c7d-11ea-8876-c8f7501047dc', '2020-02-08 17:12:56', '8217b572-3c7d-11ea-8876-c8f7501047dc', 0),
('8015d04d-4a85-11ea-b387-c8f7501047dc', '80129680-4a85-11ea-b387-c8f7501047dc', 4, '300', '2020-02-08 17:12:56', '8217b572-3c7d-11ea-8876-c8f7501047dc', '2020-02-08 17:12:56', '8217b572-3c7d-11ea-8876-c8f7501047dc', 0),
('8016863c-4a85-11ea-b387-c8f7501047dc', '80129680-4a85-11ea-b387-c8f7501047dc', 5, '300', '2020-02-08 17:12:56', '8217b572-3c7d-11ea-8876-c8f7501047dc', '2020-02-08 17:12:56', '8217b572-3c7d-11ea-8876-c8f7501047dc', 0),
('80173d78-4a85-11ea-b387-c8f7501047dc', '80129680-4a85-11ea-b387-c8f7501047dc', 6, '300', '2020-02-08 17:12:56', '8217b572-3c7d-11ea-8876-c8f7501047dc', '2020-02-08 17:12:56', '8217b572-3c7d-11ea-8876-c8f7501047dc', 0),
('8017f095-4a85-11ea-b387-c8f7501047dc', '80129680-4a85-11ea-b387-c8f7501047dc', 7, '300', '2020-02-08 17:12:56', '8217b572-3c7d-11ea-8876-c8f7501047dc', '2020-02-08 17:12:56', '8217b572-3c7d-11ea-8876-c8f7501047dc', 0),
('80189988-4a85-11ea-b387-c8f7501047dc', '80129680-4a85-11ea-b387-c8f7501047dc', 8, '300', '2020-02-08 17:12:56', '8217b572-3c7d-11ea-8876-c8f7501047dc', '2020-02-08 17:12:56', '8217b572-3c7d-11ea-8876-c8f7501047dc', 0),
('80194259-4a85-11ea-b387-c8f7501047dc', '80129680-4a85-11ea-b387-c8f7501047dc', 9, '300', '2020-02-08 17:12:56', '8217b572-3c7d-11ea-8876-c8f7501047dc', '2020-02-08 17:12:56', '8217b572-3c7d-11ea-8876-c8f7501047dc', 0),
('8019eecf-4a85-11ea-b387-c8f7501047dc', '80129680-4a85-11ea-b387-c8f7501047dc', 10, '300', '2020-02-08 17:12:56', '8217b572-3c7d-11ea-8876-c8f7501047dc', '2020-02-08 17:12:56', '8217b572-3c7d-11ea-8876-c8f7501047dc', 0),
('801ace58-4a85-11ea-b387-c8f7501047dc', '80129680-4a85-11ea-b387-c8f7501047dc', 11, '300', '2020-02-08 17:12:56', '8217b572-3c7d-11ea-8876-c8f7501047dc', '2020-02-08 17:12:56', '8217b572-3c7d-11ea-8876-c8f7501047dc', 0),
('801baf3b-4a85-11ea-b387-c8f7501047dc', '80129680-4a85-11ea-b387-c8f7501047dc', 12, '300', '2020-02-08 17:12:56', '8217b572-3c7d-11ea-8876-c8f7501047dc', '2020-02-08 17:12:56', '8217b572-3c7d-11ea-8876-c8f7501047dc', 0),
('801c459a-4a85-11ea-b387-c8f7501047dc', '80129680-4a85-11ea-b387-c8f7501047dc', 13, '300', '2020-02-08 17:12:56', '8217b572-3c7d-11ea-8876-c8f7501047dc', '2020-02-08 17:12:56', '8217b572-3c7d-11ea-8876-c8f7501047dc', 0),
('801ce63d-4a85-11ea-b387-c8f7501047dc', '80129680-4a85-11ea-b387-c8f7501047dc', 14, '300', '2020-02-08 17:12:56', '8217b572-3c7d-11ea-8876-c8f7501047dc', '2020-02-08 17:12:56', '8217b572-3c7d-11ea-8876-c8f7501047dc', 0),
('801d7ec6-4a85-11ea-b387-c8f7501047dc', '80129680-4a85-11ea-b387-c8f7501047dc', 15, '300', '2020-02-08 17:12:56', '8217b572-3c7d-11ea-8876-c8f7501047dc', '2020-02-08 17:12:56', '8217b572-3c7d-11ea-8876-c8f7501047dc', 0),
('9f957500-5790-11ea-8fd4-48f17f8d4d88', '9f94b0a7-5790-11ea-8fd4-48f17f8d4d88', 1, '31244', '2020-02-25 07:35:16', '8217b572-3c7d-11ea-8876-c8f7501047dc', '2020-02-25 07:35:16', '8217b572-3c7d-11ea-8876-c8f7501047dc', 1),
('9f95c01e-5790-11ea-8fd4-48f17f8d4d88', '9f94b0a7-5790-11ea-8fd4-48f17f8d4d88', 2, '1321', '2020-02-25 07:35:16', 'test', '2020-02-25 07:35:16', 'test', 1),
('9f96320a-5790-11ea-8fd4-48f17f8d4d88', '9f94b0a7-5790-11ea-8fd4-48f17f8d4d88', 3, '3213', '2020-02-25 07:35:16', 'test', '2020-02-25 07:35:16', 'test', 1),
('9f966dd8-5790-11ea-8fd4-48f17f8d4d88', '9f94b0a7-5790-11ea-8fd4-48f17f8d4d88', 4, '412412', '2020-02-25 07:35:16', 'test', '2020-02-25 07:35:16', 'test', 1),
('9f96a83b-5790-11ea-8fd4-48f17f8d4d88', '9f94b0a7-5790-11ea-8fd4-48f17f8d4d88', 5, '21321', '2020-02-25 07:35:16', 'test', '2020-02-25 07:35:16', 'test', 1),
('9f96dbda-5790-11ea-8fd4-48f17f8d4d88', '9f94b0a7-5790-11ea-8fd4-48f17f8d4d88', 6, '3213', '2020-02-25 07:35:16', 'test', '2020-02-25 07:35:16', 'test', 1),
('9f970ef4-5790-11ea-8fd4-48f17f8d4d88', '9f94b0a7-5790-11ea-8fd4-48f17f8d4d88', 7, '3213', '2020-02-25 07:35:16', 'test', '2020-02-25 07:35:16', 'test', 1),
('9f973e0a-5790-11ea-8fd4-48f17f8d4d88', '9f94b0a7-5790-11ea-8fd4-48f17f8d4d88', 8, '21321', '2020-02-25 07:35:16', 'test', '2020-02-25 07:35:16', 'test', 1),
('9f976838-5790-11ea-8fd4-48f17f8d4d88', '9f94b0a7-5790-11ea-8fd4-48f17f8d4d88', 9, '3213', '2020-02-25 07:35:16', 'test', '2020-02-25 07:35:16', 'test', 1),
('9f9791a4-5790-11ea-8fd4-48f17f8d4d88', '9f94b0a7-5790-11ea-8fd4-48f17f8d4d88', 10, '3213', '2020-02-25 07:35:16', 'test', '2020-02-25 07:35:16', 'test', 1),
('9f97d0fa-5790-11ea-8fd4-48f17f8d4d88', '9f94b0a7-5790-11ea-8fd4-48f17f8d4d88', 11, '312', '2020-02-25 07:35:16', 'test', '2020-02-25 07:35:16', 'test', 1),
('9f97f8be-5790-11ea-8fd4-48f17f8d4d88', '9f94b0a7-5790-11ea-8fd4-48f17f8d4d88', 12, '213', '2020-02-25 07:35:16', 'test', '2020-02-25 07:35:16', 'test', 1),
('9f983768-5790-11ea-8fd4-48f17f8d4d88', '9f94b0a7-5790-11ea-8fd4-48f17f8d4d88', 13, '3213', '2020-02-25 07:35:16', '8217b572-3c7d-11ea-8876-c8f7501047dc', '2020-02-25 07:35:16', '8217b572-3c7d-11ea-8876-c8f7501047dc', 1),
('9f98662f-5790-11ea-8fd4-48f17f8d4d88', '9f94b0a7-5790-11ea-8fd4-48f17f8d4d88', 14, '3123', '2020-02-25 07:35:16', 'test', '2020-02-25 07:35:16', 'test', 1),
('9f9894f5-5790-11ea-8fd4-48f17f8d4d88', '9f94b0a7-5790-11ea-8fd4-48f17f8d4d88', 15, '3213', '2020-02-25 07:35:16', '8217b572-3c7d-11ea-8876-c8f7501047dc', '2020-02-25 07:35:16', '8217b572-3c7d-11ea-8876-c8f7501047dc', 1),
('a00b9299-4b6d-11ea-ad8f-c8f7501047dc', 'a00af359-4b6d-11ea-ad8f-c8f7501047dc', 1, '300', '2020-02-09 20:54:39', '8217b572-3c7d-11ea-8876-c8f7501047dc', '2020-02-09 20:54:39', '8217b572-3c7d-11ea-8876-c8f7501047dc', 0),
('a00c4a65-4b6d-11ea-ad8f-c8f7501047dc', 'a00af359-4b6d-11ea-ad8f-c8f7501047dc', 2, '300', '2020-02-09 20:54:39', '8217b572-3c7d-11ea-8876-c8f7501047dc', '2020-02-09 20:54:39', '8217b572-3c7d-11ea-8876-c8f7501047dc', 0),
('a00d0e34-4b6d-11ea-ad8f-c8f7501047dc', 'a00af359-4b6d-11ea-ad8f-c8f7501047dc', 3, '20', '2020-02-09 20:54:39', '8217b572-3c7d-11ea-8876-c8f7501047dc', '2020-02-09 20:54:39', '8217b572-3c7d-11ea-8876-c8f7501047dc', 0),
('a00d91be-4b6d-11ea-ad8f-c8f7501047dc', 'a00af359-4b6d-11ea-ad8f-c8f7501047dc', 4, '300', '2020-02-09 20:54:39', '8217b572-3c7d-11ea-8876-c8f7501047dc', '2020-02-09 20:54:39', '8217b572-3c7d-11ea-8876-c8f7501047dc', 0),
('a00e14ea-4b6d-11ea-ad8f-c8f7501047dc', 'a00af359-4b6d-11ea-ad8f-c8f7501047dc', 5, '300', '2020-02-09 20:54:39', '8217b572-3c7d-11ea-8876-c8f7501047dc', '2020-02-09 20:54:39', '8217b572-3c7d-11ea-8876-c8f7501047dc', 0),
('a00e95e6-4b6d-11ea-ad8f-c8f7501047dc', 'a00af359-4b6d-11ea-ad8f-c8f7501047dc', 6, '300', '2020-02-09 20:54:39', '8217b572-3c7d-11ea-8876-c8f7501047dc', '2020-02-09 20:54:39', '8217b572-3c7d-11ea-8876-c8f7501047dc', 0),
('a00f152a-4b6d-11ea-ad8f-c8f7501047dc', 'a00af359-4b6d-11ea-ad8f-c8f7501047dc', 7, '300', '2020-02-09 20:54:39', '8217b572-3c7d-11ea-8876-c8f7501047dc', '2020-02-09 20:54:39', '8217b572-3c7d-11ea-8876-c8f7501047dc', 0),
('a00f91ec-4b6d-11ea-ad8f-c8f7501047dc', 'a00af359-4b6d-11ea-ad8f-c8f7501047dc', 8, '300', '2020-02-09 20:54:39', '8217b572-3c7d-11ea-8876-c8f7501047dc', '2020-02-09 20:54:39', '8217b572-3c7d-11ea-8876-c8f7501047dc', 0),
('a010970c-4b6d-11ea-ad8f-c8f7501047dc', 'a00af359-4b6d-11ea-ad8f-c8f7501047dc', 9, '300', '2020-02-09 20:54:39', '8217b572-3c7d-11ea-8876-c8f7501047dc', '2020-02-09 20:54:39', '8217b572-3c7d-11ea-8876-c8f7501047dc', 0),
('a01155aa-4b6d-11ea-ad8f-c8f7501047dc', 'a00af359-4b6d-11ea-ad8f-c8f7501047dc', 10, '300', '2020-02-09 20:54:39', '8217b572-3c7d-11ea-8876-c8f7501047dc', '2020-02-09 20:54:39', '8217b572-3c7d-11ea-8876-c8f7501047dc', 0),
('a011d6f4-4b6d-11ea-ad8f-c8f7501047dc', 'a00af359-4b6d-11ea-ad8f-c8f7501047dc', 11, '300', '2020-02-09 20:54:39', '8217b572-3c7d-11ea-8876-c8f7501047dc', '2020-02-09 20:54:39', '8217b572-3c7d-11ea-8876-c8f7501047dc', 0),
('a0125644-4b6d-11ea-ad8f-c8f7501047dc', 'a00af359-4b6d-11ea-ad8f-c8f7501047dc', 12, '300', '2020-02-09 20:54:39', '8217b572-3c7d-11ea-8876-c8f7501047dc', '2020-02-09 20:54:39', '8217b572-3c7d-11ea-8876-c8f7501047dc', 0),
('a0132802-4b6d-11ea-ad8f-c8f7501047dc', 'a00af359-4b6d-11ea-ad8f-c8f7501047dc', 13, '300', '2020-02-09 20:54:39', '8217b572-3c7d-11ea-8876-c8f7501047dc', '2020-02-09 20:54:39', '8217b572-3c7d-11ea-8876-c8f7501047dc', 0),
('a013ab59-4b6d-11ea-ad8f-c8f7501047dc', 'a00af359-4b6d-11ea-ad8f-c8f7501047dc', 14, '300', '2020-02-09 20:54:39', '8217b572-3c7d-11ea-8876-c8f7501047dc', '2020-02-09 20:54:39', '8217b572-3c7d-11ea-8876-c8f7501047dc', 0),
('a01431ba-4b6d-11ea-ad8f-c8f7501047dc', 'a00af359-4b6d-11ea-ad8f-c8f7501047dc', 15, '300', '2020-02-09 20:54:39', '8217b572-3c7d-11ea-8876-c8f7501047dc', '2020-02-09 20:54:39', '8217b572-3c7d-11ea-8876-c8f7501047dc', 0),
('a9e93cef-4a84-11ea-b387-c8f7501047dc', 'a9e86351-4a84-11ea-b387-c8f7501047dc', 1, '0', '2020-02-08 17:06:57', '8217b572-3c7d-11ea-8876-c8f7501047dc', '2020-02-08 17:06:57', '8217b572-3c7d-11ea-8876-c8f7501047dc', 0),
('a9e9bd33-4a84-11ea-b387-c8f7501047dc', 'a9e86351-4a84-11ea-b387-c8f7501047dc', 2, '0', '2020-02-08 17:06:57', '8217b572-3c7d-11ea-8876-c8f7501047dc', '2020-02-08 17:06:57', '8217b572-3c7d-11ea-8876-c8f7501047dc', 0),
('a9ea475e-4a84-11ea-b387-c8f7501047dc', 'a9e86351-4a84-11ea-b387-c8f7501047dc', 3, '0', '2020-02-08 17:06:57', '8217b572-3c7d-11ea-8876-c8f7501047dc', '2020-02-08 17:06:57', '8217b572-3c7d-11ea-8876-c8f7501047dc', 0),
('a9eac5e0-4a84-11ea-b387-c8f7501047dc', 'a9e86351-4a84-11ea-b387-c8f7501047dc', 4, '0', '2020-02-08 17:06:57', '8217b572-3c7d-11ea-8876-c8f7501047dc', '2020-02-08 17:06:57', '8217b572-3c7d-11ea-8876-c8f7501047dc', 0),
('a9eb46c5-4a84-11ea-b387-c8f7501047dc', 'a9e86351-4a84-11ea-b387-c8f7501047dc', 5, '0', '2020-02-08 17:06:57', '8217b572-3c7d-11ea-8876-c8f7501047dc', '2020-02-08 17:06:57', '8217b572-3c7d-11ea-8876-c8f7501047dc', 0),
('a9ebcdc9-4a84-11ea-b387-c8f7501047dc', 'a9e86351-4a84-11ea-b387-c8f7501047dc', 6, '0', '2020-02-08 17:06:57', '8217b572-3c7d-11ea-8876-c8f7501047dc', '2020-02-08 17:06:57', '8217b572-3c7d-11ea-8876-c8f7501047dc', 0);
INSERT INTO `concreteordermeasurement` (`Id`, `OrderId`, `MeasurementId`, `Value`, `CreateDate`, `CreateUserId`, `ModifyDate`, `ModifyUserId`, `StatusId`) VALUES
('a9eca96e-4a84-11ea-b387-c8f7501047dc', 'a9e86351-4a84-11ea-b387-c8f7501047dc', 7, '0', '2020-02-08 17:06:57', '8217b572-3c7d-11ea-8876-c8f7501047dc', '2020-02-08 17:06:57', '8217b572-3c7d-11ea-8876-c8f7501047dc', 0),
('a9ed8ca4-4a84-11ea-b387-c8f7501047dc', 'a9e86351-4a84-11ea-b387-c8f7501047dc', 8, '0', '2020-02-08 17:06:57', '8217b572-3c7d-11ea-8876-c8f7501047dc', '2020-02-08 17:06:57', '8217b572-3c7d-11ea-8876-c8f7501047dc', 0),
('a9ee30fb-4a84-11ea-b387-c8f7501047dc', 'a9e86351-4a84-11ea-b387-c8f7501047dc', 9, '0', '2020-02-08 17:06:57', '8217b572-3c7d-11ea-8876-c8f7501047dc', '2020-02-08 17:06:57', '8217b572-3c7d-11ea-8876-c8f7501047dc', 0),
('a9eec53c-4a84-11ea-b387-c8f7501047dc', 'a9e86351-4a84-11ea-b387-c8f7501047dc', 10, '0', '2020-02-08 17:06:57', '8217b572-3c7d-11ea-8876-c8f7501047dc', '2020-02-08 17:06:57', '8217b572-3c7d-11ea-8876-c8f7501047dc', 0),
('a9ef6444-4a84-11ea-b387-c8f7501047dc', 'a9e86351-4a84-11ea-b387-c8f7501047dc', 11, '0', '2020-02-08 17:06:57', '8217b572-3c7d-11ea-8876-c8f7501047dc', '2020-02-08 17:06:57', '8217b572-3c7d-11ea-8876-c8f7501047dc', 0),
('a9f004ab-4a84-11ea-b387-c8f7501047dc', 'a9e86351-4a84-11ea-b387-c8f7501047dc', 12, '0', '2020-02-08 17:06:57', '8217b572-3c7d-11ea-8876-c8f7501047dc', '2020-02-08 17:06:57', '8217b572-3c7d-11ea-8876-c8f7501047dc', 0),
('a9f0a7b2-4a84-11ea-b387-c8f7501047dc', 'a9e86351-4a84-11ea-b387-c8f7501047dc', 13, '0', '2020-02-08 17:06:57', '8217b572-3c7d-11ea-8876-c8f7501047dc', '2020-02-08 17:06:57', '8217b572-3c7d-11ea-8876-c8f7501047dc', 0),
('a9f1488e-4a84-11ea-b387-c8f7501047dc', 'a9e86351-4a84-11ea-b387-c8f7501047dc', 14, '0', '2020-02-08 17:06:57', '8217b572-3c7d-11ea-8876-c8f7501047dc', '2020-02-08 17:06:57', '8217b572-3c7d-11ea-8876-c8f7501047dc', 0),
('a9f1f2dd-4a84-11ea-b387-c8f7501047dc', 'a9e86351-4a84-11ea-b387-c8f7501047dc', 15, '0', '2020-02-08 17:06:57', '8217b572-3c7d-11ea-8876-c8f7501047dc', '2020-02-08 17:06:57', '8217b572-3c7d-11ea-8876-c8f7501047dc', 0),
('adf5f5e5-4de0-11ea-b5e8-48f17f8d4d88', 'adf53e1f-4de0-11ea-b5e8-48f17f8d4d88', 1, '500', '2020-02-12 23:43:17', '8217b572-3c7d-11ea-8876-c8f7501047dc', '2020-02-12 23:43:17', '8217b572-3c7d-11ea-8876-c8f7501047dc', 0),
('adf656e0-4de0-11ea-b5e8-48f17f8d4d88', 'adf53e1f-4de0-11ea-b5e8-48f17f8d4d88', 2, '500', '2020-02-12 23:43:17', '8217b572-3c7d-11ea-8876-c8f7501047dc', '2020-02-12 23:43:17', '8217b572-3c7d-11ea-8876-c8f7501047dc', 0),
('adf6b7dc-4de0-11ea-b5e8-48f17f8d4d88', 'adf53e1f-4de0-11ea-b5e8-48f17f8d4d88', 3, '14', '2020-02-12 23:43:17', '8217b572-3c7d-11ea-8876-c8f7501047dc', '2020-02-12 23:43:17', '8217b572-3c7d-11ea-8876-c8f7501047dc', 0),
('adf7111a-4de0-11ea-b5e8-48f17f8d4d88', 'adf53e1f-4de0-11ea-b5e8-48f17f8d4d88', 4, '500', '2020-02-12 23:43:17', '8217b572-3c7d-11ea-8876-c8f7501047dc', '2020-02-12 23:43:17', '8217b572-3c7d-11ea-8876-c8f7501047dc', 0),
('adf75f5a-4de0-11ea-b5e8-48f17f8d4d88', 'adf53e1f-4de0-11ea-b5e8-48f17f8d4d88', 5, '500', '2020-02-12 23:43:17', '8217b572-3c7d-11ea-8876-c8f7501047dc', '2020-02-12 23:43:17', '8217b572-3c7d-11ea-8876-c8f7501047dc', 0),
('adf79982-4de0-11ea-b5e8-48f17f8d4d88', 'adf53e1f-4de0-11ea-b5e8-48f17f8d4d88', 6, '500', '2020-02-12 23:43:17', '8217b572-3c7d-11ea-8876-c8f7501047dc', '2020-02-12 23:43:17', '8217b572-3c7d-11ea-8876-c8f7501047dc', 0),
('adf7e08b-4de0-11ea-b5e8-48f17f8d4d88', 'adf53e1f-4de0-11ea-b5e8-48f17f8d4d88', 7, '500', '2020-02-12 23:43:17', '8217b572-3c7d-11ea-8876-c8f7501047dc', '2020-02-12 23:43:17', '8217b572-3c7d-11ea-8876-c8f7501047dc', 0),
('adf81d17-4de0-11ea-b5e8-48f17f8d4d88', 'adf53e1f-4de0-11ea-b5e8-48f17f8d4d88', 8, '500', '2020-02-12 23:43:17', '8217b572-3c7d-11ea-8876-c8f7501047dc', '2020-02-12 23:43:17', '8217b572-3c7d-11ea-8876-c8f7501047dc', 0),
('adf8549f-4de0-11ea-b5e8-48f17f8d4d88', 'adf53e1f-4de0-11ea-b5e8-48f17f8d4d88', 9, '500', '2020-02-12 23:43:17', '8217b572-3c7d-11ea-8876-c8f7501047dc', '2020-02-12 23:43:17', '8217b572-3c7d-11ea-8876-c8f7501047dc', 0),
('adf88f33-4de0-11ea-b5e8-48f17f8d4d88', 'adf53e1f-4de0-11ea-b5e8-48f17f8d4d88', 10, '500', '2020-02-12 23:43:17', '8217b572-3c7d-11ea-8876-c8f7501047dc', '2020-02-12 23:43:17', '8217b572-3c7d-11ea-8876-c8f7501047dc', 0),
('adf8c748-4de0-11ea-b5e8-48f17f8d4d88', 'adf53e1f-4de0-11ea-b5e8-48f17f8d4d88', 11, '500', '2020-02-12 23:43:17', '8217b572-3c7d-11ea-8876-c8f7501047dc', '2020-02-12 23:43:17', '8217b572-3c7d-11ea-8876-c8f7501047dc', 0),
('adf90326-4de0-11ea-b5e8-48f17f8d4d88', 'adf53e1f-4de0-11ea-b5e8-48f17f8d4d88', 12, '500', '2020-02-12 23:43:17', '8217b572-3c7d-11ea-8876-c8f7501047dc', '2020-02-12 23:43:17', '8217b572-3c7d-11ea-8876-c8f7501047dc', 0),
('adf9406f-4de0-11ea-b5e8-48f17f8d4d88', 'adf53e1f-4de0-11ea-b5e8-48f17f8d4d88', 13, '500', '2020-02-12 23:43:17', '8217b572-3c7d-11ea-8876-c8f7501047dc', '2020-02-12 23:43:17', '8217b572-3c7d-11ea-8876-c8f7501047dc', 0),
('adf98db1-4de0-11ea-b5e8-48f17f8d4d88', 'adf53e1f-4de0-11ea-b5e8-48f17f8d4d88', 14, '500', '2020-02-12 23:43:17', '8217b572-3c7d-11ea-8876-c8f7501047dc', '2020-02-12 23:43:17', '8217b572-3c7d-11ea-8876-c8f7501047dc', 0),
('adf9d2b0-4de0-11ea-b5e8-48f17f8d4d88', 'adf53e1f-4de0-11ea-b5e8-48f17f8d4d88', 15, '500', '2020-02-12 23:43:17', '8217b572-3c7d-11ea-8876-c8f7501047dc', '2020-02-12 23:43:17', '8217b572-3c7d-11ea-8876-c8f7501047dc', 0),
('b568ac88-4e20-11ea-a956-48f17f8d4d88', 'b5684056-4e20-11ea-a956-48f17f8d4d88', 1, '0', '2020-02-13 07:21:37', '8217b572-3c7d-11ea-8876-c8f7501047dc', '2020-02-13 07:21:37', '8217b572-3c7d-11ea-8876-c8f7501047dc', 0),
('b569913a-4e20-11ea-a956-48f17f8d4d88', 'b5684056-4e20-11ea-a956-48f17f8d4d88', 2, '100000', '2020-02-13 07:21:37', '8217b572-3c7d-11ea-8876-c8f7501047dc', '2020-02-13 07:21:37', '8217b572-3c7d-11ea-8876-c8f7501047dc', 0),
('b56a46fe-4e20-11ea-a956-48f17f8d4d88', 'b5684056-4e20-11ea-a956-48f17f8d4d88', 3, '0', '2020-02-13 07:21:37', '8217b572-3c7d-11ea-8876-c8f7501047dc', '2020-02-13 07:21:37', '8217b572-3c7d-11ea-8876-c8f7501047dc', 0),
('b56aa00b-4e20-11ea-a956-48f17f8d4d88', 'b5684056-4e20-11ea-a956-48f17f8d4d88', 4, '0', '2020-02-13 07:21:37', '8217b572-3c7d-11ea-8876-c8f7501047dc', '2020-02-13 07:21:37', '8217b572-3c7d-11ea-8876-c8f7501047dc', 0),
('b56af1f1-4e20-11ea-a956-48f17f8d4d88', 'b5684056-4e20-11ea-a956-48f17f8d4d88', 5, '0', '2020-02-13 07:21:37', '8217b572-3c7d-11ea-8876-c8f7501047dc', '2020-02-13 07:21:37', '8217b572-3c7d-11ea-8876-c8f7501047dc', 0),
('b56b3ec5-4e20-11ea-a956-48f17f8d4d88', 'b5684056-4e20-11ea-a956-48f17f8d4d88', 6, '0', '2020-02-13 07:21:37', '8217b572-3c7d-11ea-8876-c8f7501047dc', '2020-02-13 07:21:37', '8217b572-3c7d-11ea-8876-c8f7501047dc', 0),
('b56b89b4-4e20-11ea-a956-48f17f8d4d88', 'b5684056-4e20-11ea-a956-48f17f8d4d88', 7, '0', '2020-02-13 07:21:37', '8217b572-3c7d-11ea-8876-c8f7501047dc', '2020-02-13 07:21:37', '8217b572-3c7d-11ea-8876-c8f7501047dc', 0),
('b56bd228-4e20-11ea-a956-48f17f8d4d88', 'b5684056-4e20-11ea-a956-48f17f8d4d88', 8, '0', '2020-02-13 07:21:37', '8217b572-3c7d-11ea-8876-c8f7501047dc', '2020-02-13 07:21:37', '8217b572-3c7d-11ea-8876-c8f7501047dc', 0),
('b56c1da8-4e20-11ea-a956-48f17f8d4d88', 'b5684056-4e20-11ea-a956-48f17f8d4d88', 9, '0', '2020-02-13 07:21:37', '8217b572-3c7d-11ea-8876-c8f7501047dc', '2020-02-13 07:21:37', '8217b572-3c7d-11ea-8876-c8f7501047dc', 0),
('b56c63d5-4e20-11ea-a956-48f17f8d4d88', 'b5684056-4e20-11ea-a956-48f17f8d4d88', 10, '0', '2020-02-13 07:21:37', '8217b572-3c7d-11ea-8876-c8f7501047dc', '2020-02-13 07:21:37', '8217b572-3c7d-11ea-8876-c8f7501047dc', 0),
('b56ca913-4e20-11ea-a956-48f17f8d4d88', 'b5684056-4e20-11ea-a956-48f17f8d4d88', 11, '0', '2020-02-13 07:21:37', '8217b572-3c7d-11ea-8876-c8f7501047dc', '2020-02-13 07:21:37', '8217b572-3c7d-11ea-8876-c8f7501047dc', 0),
('b56d701d-4e20-11ea-a956-48f17f8d4d88', 'b5684056-4e20-11ea-a956-48f17f8d4d88', 12, '0', '2020-02-13 07:21:37', '8217b572-3c7d-11ea-8876-c8f7501047dc', '2020-02-13 07:21:37', '8217b572-3c7d-11ea-8876-c8f7501047dc', 0),
('b56dad3f-4e20-11ea-a956-48f17f8d4d88', 'b5684056-4e20-11ea-a956-48f17f8d4d88', 13, '0', '2020-02-13 07:21:37', '8217b572-3c7d-11ea-8876-c8f7501047dc', '2020-02-13 07:21:37', '8217b572-3c7d-11ea-8876-c8f7501047dc', 0),
('b56deccd-4e20-11ea-a956-48f17f8d4d88', 'b5684056-4e20-11ea-a956-48f17f8d4d88', 14, '0', '2020-02-13 07:21:37', '8217b572-3c7d-11ea-8876-c8f7501047dc', '2020-02-13 07:21:37', '8217b572-3c7d-11ea-8876-c8f7501047dc', 0),
('b56e290d-4e20-11ea-a956-48f17f8d4d88', 'b5684056-4e20-11ea-a956-48f17f8d4d88', 15, '0', '2020-02-13 07:21:37', '8217b572-3c7d-11ea-8876-c8f7501047dc', '2020-02-13 07:21:37', '8217b572-3c7d-11ea-8876-c8f7501047dc', 0),
('c4881ec8-4ddd-11ea-b5e8-48f17f8d4d88', 'c487b830-4ddd-11ea-b5e8-48f17f8d4d88', 1, '3234', '2020-02-12 23:22:26', '8217b572-3c7d-11ea-8876-c8f7501047dc', '2020-02-12 23:22:26', '8217b572-3c7d-11ea-8876-c8f7501047dc', 0),
('c48868e5-4ddd-11ea-b5e8-48f17f8d4d88', 'c487b830-4ddd-11ea-b5e8-48f17f8d4d88', 2, '4324', '2020-02-12 23:22:26', '8217b572-3c7d-11ea-8876-c8f7501047dc', '2020-02-12 23:22:26', '8217b572-3c7d-11ea-8876-c8f7501047dc', 0),
('c488af89-4ddd-11ea-b5e8-48f17f8d4d88', 'c487b830-4ddd-11ea-b5e8-48f17f8d4d88', 3, '4324324', '2020-02-12 23:22:26', '8217b572-3c7d-11ea-8876-c8f7501047dc', '2020-02-12 23:22:26', '8217b572-3c7d-11ea-8876-c8f7501047dc', 0),
('c488f81e-4ddd-11ea-b5e8-48f17f8d4d88', 'c487b830-4ddd-11ea-b5e8-48f17f8d4d88', 4, '324', '2020-02-12 23:22:26', '8217b572-3c7d-11ea-8876-c8f7501047dc', '2020-02-12 23:22:26', '8217b572-3c7d-11ea-8876-c8f7501047dc', 0),
('c4892c4c-4ddd-11ea-b5e8-48f17f8d4d88', 'c487b830-4ddd-11ea-b5e8-48f17f8d4d88', 5, '434324', '2020-02-12 23:22:26', '8217b572-3c7d-11ea-8876-c8f7501047dc', '2020-02-12 23:22:26', '8217b572-3c7d-11ea-8876-c8f7501047dc', 0),
('c4895d90-4ddd-11ea-b5e8-48f17f8d4d88', 'c487b830-4ddd-11ea-b5e8-48f17f8d4d88', 6, '4324', '2020-02-12 23:22:26', '8217b572-3c7d-11ea-8876-c8f7501047dc', '2020-02-12 23:22:26', '8217b572-3c7d-11ea-8876-c8f7501047dc', 0),
('c489914f-4ddd-11ea-b5e8-48f17f8d4d88', 'c487b830-4ddd-11ea-b5e8-48f17f8d4d88', 7, '432432', '2020-02-12 23:22:26', '8217b572-3c7d-11ea-8876-c8f7501047dc', '2020-02-12 23:22:26', '8217b572-3c7d-11ea-8876-c8f7501047dc', 0),
('c489bfe4-4ddd-11ea-b5e8-48f17f8d4d88', 'c487b830-4ddd-11ea-b5e8-48f17f8d4d88', 8, '24', '2020-02-12 23:22:26', '8217b572-3c7d-11ea-8876-c8f7501047dc', '2020-02-12 23:22:26', '8217b572-3c7d-11ea-8876-c8f7501047dc', 0),
('c489eb65-4ddd-11ea-b5e8-48f17f8d4d88', 'c487b830-4ddd-11ea-b5e8-48f17f8d4d88', 9, '43243', '2020-02-12 23:22:26', '8217b572-3c7d-11ea-8876-c8f7501047dc', '2020-02-12 23:22:26', '8217b572-3c7d-11ea-8876-c8f7501047dc', 0),
('c48a117d-4ddd-11ea-b5e8-48f17f8d4d88', 'c487b830-4ddd-11ea-b5e8-48f17f8d4d88', 10, '432443', '2020-02-12 23:22:26', '8217b572-3c7d-11ea-8876-c8f7501047dc', '2020-02-12 23:22:26', '8217b572-3c7d-11ea-8876-c8f7501047dc', 0),
('c48a385b-4ddd-11ea-b5e8-48f17f8d4d88', 'c487b830-4ddd-11ea-b5e8-48f17f8d4d88', 11, '432432', '2020-02-12 23:22:26', '8217b572-3c7d-11ea-8876-c8f7501047dc', '2020-02-12 23:22:26', '8217b572-3c7d-11ea-8876-c8f7501047dc', 0),
('c48a6000-4ddd-11ea-b5e8-48f17f8d4d88', 'c487b830-4ddd-11ea-b5e8-48f17f8d4d88', 12, '4324', '2020-02-12 23:22:26', '8217b572-3c7d-11ea-8876-c8f7501047dc', '2020-02-12 23:22:26', '8217b572-3c7d-11ea-8876-c8f7501047dc', 0),
('c48a85f0-4ddd-11ea-b5e8-48f17f8d4d88', 'c487b830-4ddd-11ea-b5e8-48f17f8d4d88', 13, '432432432', '2020-02-12 23:22:26', '8217b572-3c7d-11ea-8876-c8f7501047dc', '2020-02-12 23:22:26', '8217b572-3c7d-11ea-8876-c8f7501047dc', 0),
('c48aaf9f-4ddd-11ea-b5e8-48f17f8d4d88', 'c487b830-4ddd-11ea-b5e8-48f17f8d4d88', 14, '32432', '2020-02-12 23:22:26', '8217b572-3c7d-11ea-8876-c8f7501047dc', '2020-02-12 23:22:26', '8217b572-3c7d-11ea-8876-c8f7501047dc', 0),
('c48ad97d-4ddd-11ea-b5e8-48f17f8d4d88', 'c487b830-4ddd-11ea-b5e8-48f17f8d4d88', 15, '432432', '2020-02-12 23:22:26', '8217b572-3c7d-11ea-8876-c8f7501047dc', '2020-02-12 23:22:26', '8217b572-3c7d-11ea-8876-c8f7501047dc', 0),
('ce96d8a9-5744-11ea-8fd4-48f17f8d4d88', 'ce96776e-5744-11ea-8fd4-48f17f8d4d88', 1, '423432', '2020-02-24 22:32:42', 'test', '2020-02-24 22:42:22', 'test', 1),
('ce977bec-5744-11ea-8fd4-48f17f8d4d88', 'ce96776e-5744-11ea-8fd4-48f17f8d4d88', 2, '432432', '2020-02-24 22:32:42', 'test', '2020-02-24 22:42:22', 'test', 1),
('ce97d2c8-5744-11ea-8fd4-48f17f8d4d88', 'ce96776e-5744-11ea-8fd4-48f17f8d4d88', 3, '4234324', '2020-02-24 22:32:42', 'test', '2020-02-24 22:42:22', 'test', 1),
('ce9832d0-5744-11ea-8fd4-48f17f8d4d88', 'ce96776e-5744-11ea-8fd4-48f17f8d4d88', 4, '4324', '2020-02-24 22:32:42', 'test', '2020-02-24 22:42:22', 'test', 1),
('ce99121e-5744-11ea-8fd4-48f17f8d4d88', 'ce96776e-5744-11ea-8fd4-48f17f8d4d88', 5, '432432', '2020-02-24 22:32:42', 'test', '2020-02-24 22:42:22', 'test', 1),
('ce99574a-5744-11ea-8fd4-48f17f8d4d88', 'ce96776e-5744-11ea-8fd4-48f17f8d4d88', 6, '42432', '2020-02-24 22:32:42', 'test', '2020-02-24 22:42:22', 'test', 1),
('ce99a88d-5744-11ea-8fd4-48f17f8d4d88', 'ce96776e-5744-11ea-8fd4-48f17f8d4d88', 7, '432432', '2020-02-24 22:32:42', 'test', '2020-02-24 22:42:22', 'test', 1),
('ce99f22a-5744-11ea-8fd4-48f17f8d4d88', 'ce96776e-5744-11ea-8fd4-48f17f8d4d88', 8, '432432', '2020-02-24 22:32:42', 'test', '2020-02-24 22:42:22', 'test', 1),
('ce9a343d-5744-11ea-8fd4-48f17f8d4d88', 'ce96776e-5744-11ea-8fd4-48f17f8d4d88', 9, '432432', '2020-02-24 22:32:42', 'test', '2020-02-24 22:42:22', 'test', 1),
('ce9a748a-5744-11ea-8fd4-48f17f8d4d88', 'ce96776e-5744-11ea-8fd4-48f17f8d4d88', 10, '432432', '2020-02-24 22:32:42', 'test', '2020-02-24 22:42:22', 'test', 1),
('ce9ab78d-5744-11ea-8fd4-48f17f8d4d88', 'ce96776e-5744-11ea-8fd4-48f17f8d4d88', 11, '75000', '2020-02-24 22:32:42', 'test', '2020-02-24 22:42:22', 'test', 1),
('ce9afc65-5744-11ea-8fd4-48f17f8d4d88', 'ce96776e-5744-11ea-8fd4-48f17f8d4d88', 12, '432432', '2020-02-24 22:32:42', 'test', '2020-02-24 22:42:22', 'test', 1),
('ce9b3f16-5744-11ea-8fd4-48f17f8d4d88', 'ce96776e-5744-11ea-8fd4-48f17f8d4d88', 13, '432432', '2020-02-24 22:32:42', '8217b572-3c7d-11ea-8876-c8f7501047dc', '2020-02-24 22:42:22', '8217b572-3c7d-11ea-8876-c8f7501047dc', 1),
('ce9b825c-5744-11ea-8fd4-48f17f8d4d88', 'ce96776e-5744-11ea-8fd4-48f17f8d4d88', 14, '432434', '2020-02-24 22:32:42', 'test', '2020-02-24 22:42:22', 'test', 1),
('ce9bbfad-5744-11ea-8fd4-48f17f8d4d88', 'ce96776e-5744-11ea-8fd4-48f17f8d4d88', 15, '423423', '2020-02-24 22:32:42', '8217b572-3c7d-11ea-8876-c8f7501047dc', '2020-02-24 22:42:22', '8217b572-3c7d-11ea-8876-c8f7501047dc', 1),
('d69d7721-4a84-11ea-b387-c8f7501047dc', 'd69c9c3c-4a84-11ea-b387-c8f7501047dc', 1, '300', '2020-02-08 17:08:12', '8217b572-3c7d-11ea-8876-c8f7501047dc', '2020-02-08 17:08:12', '8217b572-3c7d-11ea-8876-c8f7501047dc', 0),
('d69e5834-4a84-11ea-b387-c8f7501047dc', 'd69c9c3c-4a84-11ea-b387-c8f7501047dc', 2, '300', '2020-02-08 17:08:12', '8217b572-3c7d-11ea-8876-c8f7501047dc', '2020-02-08 17:08:12', '8217b572-3c7d-11ea-8876-c8f7501047dc', 0),
('d69f1eab-4a84-11ea-b387-c8f7501047dc', 'd69c9c3c-4a84-11ea-b387-c8f7501047dc', 3, '14', '2020-02-08 17:08:12', '8217b572-3c7d-11ea-8876-c8f7501047dc', '2020-02-08 17:08:12', '8217b572-3c7d-11ea-8876-c8f7501047dc', 0),
('d69fb87e-4a84-11ea-b387-c8f7501047dc', 'd69c9c3c-4a84-11ea-b387-c8f7501047dc', 4, '300', '2020-02-08 17:08:12', '8217b572-3c7d-11ea-8876-c8f7501047dc', '2020-02-08 17:08:12', '8217b572-3c7d-11ea-8876-c8f7501047dc', 0),
('d6a04a81-4a84-11ea-b387-c8f7501047dc', 'd69c9c3c-4a84-11ea-b387-c8f7501047dc', 5, '300', '2020-02-08 17:08:12', '8217b572-3c7d-11ea-8876-c8f7501047dc', '2020-02-08 17:08:12', '8217b572-3c7d-11ea-8876-c8f7501047dc', 0),
('d6a0d3c1-4a84-11ea-b387-c8f7501047dc', 'd69c9c3c-4a84-11ea-b387-c8f7501047dc', 6, '300', '2020-02-08 17:08:12', '8217b572-3c7d-11ea-8876-c8f7501047dc', '2020-02-08 17:08:12', '8217b572-3c7d-11ea-8876-c8f7501047dc', 0),
('d6a17cb0-4a84-11ea-b387-c8f7501047dc', 'd69c9c3c-4a84-11ea-b387-c8f7501047dc', 7, '300', '2020-02-08 17:08:12', '8217b572-3c7d-11ea-8876-c8f7501047dc', '2020-02-08 17:08:12', '8217b572-3c7d-11ea-8876-c8f7501047dc', 0),
('d6a24dea-4a84-11ea-b387-c8f7501047dc', 'd69c9c3c-4a84-11ea-b387-c8f7501047dc', 8, '300', '2020-02-08 17:08:12', '8217b572-3c7d-11ea-8876-c8f7501047dc', '2020-02-08 17:08:12', '8217b572-3c7d-11ea-8876-c8f7501047dc', 0),
('d6a3284b-4a84-11ea-b387-c8f7501047dc', 'd69c9c3c-4a84-11ea-b387-c8f7501047dc', 9, '300', '2020-02-08 17:08:12', '8217b572-3c7d-11ea-8876-c8f7501047dc', '2020-02-08 17:08:12', '8217b572-3c7d-11ea-8876-c8f7501047dc', 0),
('d6a3c421-4a84-11ea-b387-c8f7501047dc', 'd69c9c3c-4a84-11ea-b387-c8f7501047dc', 10, '300', '2020-02-08 17:08:12', '8217b572-3c7d-11ea-8876-c8f7501047dc', '2020-02-08 17:08:12', '8217b572-3c7d-11ea-8876-c8f7501047dc', 0),
('d6a47606-4a84-11ea-b387-c8f7501047dc', 'd69c9c3c-4a84-11ea-b387-c8f7501047dc', 11, '300', '2020-02-08 17:08:12', '8217b572-3c7d-11ea-8876-c8f7501047dc', '2020-02-08 17:08:12', '8217b572-3c7d-11ea-8876-c8f7501047dc', 0),
('d6a52f68-4a84-11ea-b387-c8f7501047dc', 'd69c9c3c-4a84-11ea-b387-c8f7501047dc', 12, '300', '2020-02-08 17:08:12', '8217b572-3c7d-11ea-8876-c8f7501047dc', '2020-02-08 17:08:12', '8217b572-3c7d-11ea-8876-c8f7501047dc', 0),
('d6a5dea3-4a84-11ea-b387-c8f7501047dc', 'd69c9c3c-4a84-11ea-b387-c8f7501047dc', 13, '300', '2020-02-08 17:08:12', '8217b572-3c7d-11ea-8876-c8f7501047dc', '2020-02-08 17:08:12', '8217b572-3c7d-11ea-8876-c8f7501047dc', 0),
('d6a69b02-4a84-11ea-b387-c8f7501047dc', 'd69c9c3c-4a84-11ea-b387-c8f7501047dc', 14, '300', '2020-02-08 17:08:12', '8217b572-3c7d-11ea-8876-c8f7501047dc', '2020-02-08 17:08:12', '8217b572-3c7d-11ea-8876-c8f7501047dc', 0),
('d6a7543c-4a84-11ea-b387-c8f7501047dc', 'd69c9c3c-4a84-11ea-b387-c8f7501047dc', 15, '300', '2020-02-08 17:08:12', '8217b572-3c7d-11ea-8876-c8f7501047dc', '2020-02-08 17:08:12', '8217b572-3c7d-11ea-8876-c8f7501047dc', 0),
('db162929-5291-11ea-a4b4-48f17f8d4d88', 'db15ed29-5291-11ea-a4b4-48f17f8d4d88', 1, '0', '2020-02-18 23:01:38', '8217b572-3c7d-11ea-8876-c8f7501047dc', '2020-02-18 23:01:38', '8217b572-3c7d-11ea-8876-c8f7501047dc', 0),
('db165937-5291-11ea-a4b4-48f17f8d4d88', 'db15ed29-5291-11ea-a4b4-48f17f8d4d88', 2, '0', '2020-02-18 23:01:38', '8217b572-3c7d-11ea-8876-c8f7501047dc', '2020-02-18 23:01:38', '8217b572-3c7d-11ea-8876-c8f7501047dc', 0),
('db1687dc-5291-11ea-a4b4-48f17f8d4d88', 'db15ed29-5291-11ea-a4b4-48f17f8d4d88', 3, '0', '2020-02-18 23:01:38', '8217b572-3c7d-11ea-8876-c8f7501047dc', '2020-02-18 23:01:38', '8217b572-3c7d-11ea-8876-c8f7501047dc', 0),
('db16b584-5291-11ea-a4b4-48f17f8d4d88', 'db15ed29-5291-11ea-a4b4-48f17f8d4d88', 4, '0', '2020-02-18 23:01:38', '8217b572-3c7d-11ea-8876-c8f7501047dc', '2020-02-18 23:01:38', '8217b572-3c7d-11ea-8876-c8f7501047dc', 0),
('db16de52-5291-11ea-a4b4-48f17f8d4d88', 'db15ed29-5291-11ea-a4b4-48f17f8d4d88', 5, '0', '2020-02-18 23:01:38', '8217b572-3c7d-11ea-8876-c8f7501047dc', '2020-02-18 23:01:38', '8217b572-3c7d-11ea-8876-c8f7501047dc', 0),
('db17084e-5291-11ea-a4b4-48f17f8d4d88', 'db15ed29-5291-11ea-a4b4-48f17f8d4d88', 6, '0', '2020-02-18 23:01:38', '8217b572-3c7d-11ea-8876-c8f7501047dc', '2020-02-18 23:01:38', '8217b572-3c7d-11ea-8876-c8f7501047dc', 0),
('db173285-5291-11ea-a4b4-48f17f8d4d88', 'db15ed29-5291-11ea-a4b4-48f17f8d4d88', 7, '0', '2020-02-18 23:01:38', '8217b572-3c7d-11ea-8876-c8f7501047dc', '2020-02-18 23:01:38', '8217b572-3c7d-11ea-8876-c8f7501047dc', 0),
('db1757ac-5291-11ea-a4b4-48f17f8d4d88', 'db15ed29-5291-11ea-a4b4-48f17f8d4d88', 8, '0', '2020-02-18 23:01:38', '8217b572-3c7d-11ea-8876-c8f7501047dc', '2020-02-18 23:01:38', '8217b572-3c7d-11ea-8876-c8f7501047dc', 0),
('db178f77-5291-11ea-a4b4-48f17f8d4d88', 'db15ed29-5291-11ea-a4b4-48f17f8d4d88', 9, '0', '2020-02-18 23:01:38', '8217b572-3c7d-11ea-8876-c8f7501047dc', '2020-02-18 23:01:38', '8217b572-3c7d-11ea-8876-c8f7501047dc', 0),
('db17b6a5-5291-11ea-a4b4-48f17f8d4d88', 'db15ed29-5291-11ea-a4b4-48f17f8d4d88', 10, '0', '2020-02-18 23:01:38', '8217b572-3c7d-11ea-8876-c8f7501047dc', '2020-02-18 23:01:38', '8217b572-3c7d-11ea-8876-c8f7501047dc', 0),
('db17db8b-5291-11ea-a4b4-48f17f8d4d88', 'db15ed29-5291-11ea-a4b4-48f17f8d4d88', 11, '0', '2020-02-18 23:01:38', '8217b572-3c7d-11ea-8876-c8f7501047dc', '2020-02-18 23:01:38', '8217b572-3c7d-11ea-8876-c8f7501047dc', 0),
('db180459-5291-11ea-a4b4-48f17f8d4d88', 'db15ed29-5291-11ea-a4b4-48f17f8d4d88', 12, '0', '2020-02-18 23:01:38', '8217b572-3c7d-11ea-8876-c8f7501047dc', '2020-02-18 23:01:38', '8217b572-3c7d-11ea-8876-c8f7501047dc', 0),
('db182ac1-5291-11ea-a4b4-48f17f8d4d88', 'db15ed29-5291-11ea-a4b4-48f17f8d4d88', 13, '0', '2020-02-18 23:01:38', '8217b572-3c7d-11ea-8876-c8f7501047dc', '2020-02-18 23:01:38', '8217b572-3c7d-11ea-8876-c8f7501047dc', 0),
('db185167-5291-11ea-a4b4-48f17f8d4d88', 'db15ed29-5291-11ea-a4b4-48f17f8d4d88', 14, '4444', '2020-02-18 23:01:38', '8217b572-3c7d-11ea-8876-c8f7501047dc', '2020-02-18 23:01:38', '8217b572-3c7d-11ea-8876-c8f7501047dc', 0),
('db18769e-5291-11ea-a4b4-48f17f8d4d88', 'db15ed29-5291-11ea-a4b4-48f17f8d4d88', 15, '0', '2020-02-18 23:01:38', '8217b572-3c7d-11ea-8876-c8f7501047dc', '2020-02-18 23:01:38', '8217b572-3c7d-11ea-8876-c8f7501047dc', 0),
('dcf68d5b-4e46-11ea-a87a-48f17f8d4d88', 'dcf5e213-4e46-11ea-a87a-48f17f8d4d88', 1, '500', '2020-02-13 11:54:44', '8217b572-3c7d-11ea-8876-c8f7501047dc', '2020-02-13 11:54:44', '8217b572-3c7d-11ea-8876-c8f7501047dc', 0),
('dcf6d267-4e46-11ea-a87a-48f17f8d4d88', 'dcf5e213-4e46-11ea-a87a-48f17f8d4d88', 2, '500', '2020-02-13 11:54:44', '8217b572-3c7d-11ea-8876-c8f7501047dc', '2020-02-13 11:54:44', '8217b572-3c7d-11ea-8876-c8f7501047dc', 0),
('dcf709b6-4e46-11ea-a87a-48f17f8d4d88', 'dcf5e213-4e46-11ea-a87a-48f17f8d4d88', 3, '14', '2020-02-13 11:54:44', '8217b572-3c7d-11ea-8876-c8f7501047dc', '2020-02-13 11:54:44', '8217b572-3c7d-11ea-8876-c8f7501047dc', 0),
('dcf743cc-4e46-11ea-a87a-48f17f8d4d88', 'dcf5e213-4e46-11ea-a87a-48f17f8d4d88', 4, '500', '2020-02-13 11:54:44', '8217b572-3c7d-11ea-8876-c8f7501047dc', '2020-02-13 11:54:44', '8217b572-3c7d-11ea-8876-c8f7501047dc', 0),
('dcf78791-4e46-11ea-a87a-48f17f8d4d88', 'dcf5e213-4e46-11ea-a87a-48f17f8d4d88', 5, '500', '2020-02-13 11:54:44', '8217b572-3c7d-11ea-8876-c8f7501047dc', '2020-02-13 11:54:44', '8217b572-3c7d-11ea-8876-c8f7501047dc', 0),
('dcf7cb06-4e46-11ea-a87a-48f17f8d4d88', 'dcf5e213-4e46-11ea-a87a-48f17f8d4d88', 6, '500', '2020-02-13 11:54:44', '8217b572-3c7d-11ea-8876-c8f7501047dc', '2020-02-13 11:54:44', '8217b572-3c7d-11ea-8876-c8f7501047dc', 0),
('dcf80034-4e46-11ea-a87a-48f17f8d4d88', 'dcf5e213-4e46-11ea-a87a-48f17f8d4d88', 7, '500', '2020-02-13 11:54:44', '8217b572-3c7d-11ea-8876-c8f7501047dc', '2020-02-13 11:54:44', '8217b572-3c7d-11ea-8876-c8f7501047dc', 0),
('dcf839e6-4e46-11ea-a87a-48f17f8d4d88', 'dcf5e213-4e46-11ea-a87a-48f17f8d4d88', 8, '500', '2020-02-13 11:54:44', '8217b572-3c7d-11ea-8876-c8f7501047dc', '2020-02-13 11:54:44', '8217b572-3c7d-11ea-8876-c8f7501047dc', 0),
('dcf86a29-4e46-11ea-a87a-48f17f8d4d88', 'dcf5e213-4e46-11ea-a87a-48f17f8d4d88', 9, '500', '2020-02-13 11:54:44', '8217b572-3c7d-11ea-8876-c8f7501047dc', '2020-02-13 11:54:44', '8217b572-3c7d-11ea-8876-c8f7501047dc', 0),
('dcf89985-4e46-11ea-a87a-48f17f8d4d88', 'dcf5e213-4e46-11ea-a87a-48f17f8d4d88', 10, '500', '2020-02-13 11:54:44', '8217b572-3c7d-11ea-8876-c8f7501047dc', '2020-02-13 11:54:44', '8217b572-3c7d-11ea-8876-c8f7501047dc', 0),
('dcf8c781-4e46-11ea-a87a-48f17f8d4d88', 'dcf5e213-4e46-11ea-a87a-48f17f8d4d88', 11, '500', '2020-02-13 11:54:44', '8217b572-3c7d-11ea-8876-c8f7501047dc', '2020-02-13 11:54:44', '8217b572-3c7d-11ea-8876-c8f7501047dc', 0),
('dcf8f77a-4e46-11ea-a87a-48f17f8d4d88', 'dcf5e213-4e46-11ea-a87a-48f17f8d4d88', 12, '500', '2020-02-13 11:54:44', '8217b572-3c7d-11ea-8876-c8f7501047dc', '2020-02-13 11:54:44', '8217b572-3c7d-11ea-8876-c8f7501047dc', 0),
('dcf926fc-4e46-11ea-a87a-48f17f8d4d88', 'dcf5e213-4e46-11ea-a87a-48f17f8d4d88', 13, '500', '2020-02-13 11:54:44', '8217b572-3c7d-11ea-8876-c8f7501047dc', '2020-02-13 11:54:44', '8217b572-3c7d-11ea-8876-c8f7501047dc', 0),
('dcf9aea3-4e46-11ea-a87a-48f17f8d4d88', 'dcf5e213-4e46-11ea-a87a-48f17f8d4d88', 14, '500', '2020-02-13 11:54:44', '8217b572-3c7d-11ea-8876-c8f7501047dc', '2020-02-13 11:54:44', '8217b572-3c7d-11ea-8876-c8f7501047dc', 0),
('dcf9e0db-4e46-11ea-a87a-48f17f8d4d88', 'dcf5e213-4e46-11ea-a87a-48f17f8d4d88', 15, '500', '2020-02-13 11:54:44', '8217b572-3c7d-11ea-8876-c8f7501047dc', '2020-02-13 11:54:44', '8217b572-3c7d-11ea-8876-c8f7501047dc', 0),
('e9f4cb08-573c-11ea-bbf0-48f17f8d4d88', 'e9f2587c-573c-11ea-bbf0-48f17f8d4d88', 1, '0', '2020-02-24 21:36:12', 'test', '2020-02-25 07:07:20', 'test', 1),
('e9f6485d-573c-11ea-bbf0-48f17f8d4d88', 'e9f2587c-573c-11ea-bbf0-48f17f8d4d88', 2, '880', '2020-02-24 21:36:12', 'test', '2020-02-25 07:07:20', 'test', 1),
('e9f6e340-573c-11ea-bbf0-48f17f8d4d88', 'e9f2587c-573c-11ea-bbf0-48f17f8d4d88', 3, '0', '2020-02-24 21:36:12', 'test', '2020-02-25 07:07:20', 'test', 1),
('e9f75b9e-573c-11ea-bbf0-48f17f8d4d88', 'e9f2587c-573c-11ea-bbf0-48f17f8d4d88', 4, '0', '2020-02-24 21:36:12', 'test', '2020-02-25 07:07:20', 'test', 1),
('e9f7d739-573c-11ea-bbf0-48f17f8d4d88', 'e9f2587c-573c-11ea-bbf0-48f17f8d4d88', 5, '0', '2020-02-24 21:36:12', 'test', '2020-02-25 07:07:20', 'test', 1),
('e9f851a9-573c-11ea-bbf0-48f17f8d4d88', 'e9f2587c-573c-11ea-bbf0-48f17f8d4d88', 6, '0', '2020-02-24 21:36:12', 'test', '2020-02-25 07:07:20', 'test', 1),
('e9f8e3b7-573c-11ea-bbf0-48f17f8d4d88', 'e9f2587c-573c-11ea-bbf0-48f17f8d4d88', 7, '0', '2020-02-24 21:36:12', 'test', '2020-02-25 07:07:20', 'test', 1),
('e9f95965-573c-11ea-bbf0-48f17f8d4d88', 'e9f2587c-573c-11ea-bbf0-48f17f8d4d88', 8, '0', '2020-02-24 21:36:12', 'test', '2020-02-25 07:07:20', 'test', 1),
('e9f9c0cf-573c-11ea-bbf0-48f17f8d4d88', 'e9f2587c-573c-11ea-bbf0-48f17f8d4d88', 9, '0', '2020-02-24 21:36:12', 'test', '2020-02-25 07:07:20', 'test', 1),
('e9fa231c-573c-11ea-bbf0-48f17f8d4d88', 'e9f2587c-573c-11ea-bbf0-48f17f8d4d88', 10, '0', '2020-02-24 21:36:12', 'test', '2020-02-25 07:07:20', 'test', 1),
('e9faadd7-573c-11ea-bbf0-48f17f8d4d88', 'e9f2587c-573c-11ea-bbf0-48f17f8d4d88', 11, '0', '2020-02-24 21:36:12', 'test', '2020-02-25 07:07:20', 'test', 1),
('e9fb348a-573c-11ea-bbf0-48f17f8d4d88', 'e9f2587c-573c-11ea-bbf0-48f17f8d4d88', 12, '0', '2020-02-24 21:36:12', 'test', '2020-02-25 07:07:20', 'test', 1),
('e9fbade7-573c-11ea-bbf0-48f17f8d4d88', 'e9f2587c-573c-11ea-bbf0-48f17f8d4d88', 13, '0', '2020-02-24 21:36:12', '8217b572-3c7d-11ea-8876-c8f7501047dc', '2020-02-25 07:07:20', '8217b572-3c7d-11ea-8876-c8f7501047dc', 1),
('e9fc2105-573c-11ea-bbf0-48f17f8d4d88', 'e9f2587c-573c-11ea-bbf0-48f17f8d4d88', 14, '0', '2020-02-24 21:36:12', 'test', '2020-02-25 07:07:20', 'test', 1),
('e9fca3ec-573c-11ea-bbf0-48f17f8d4d88', 'e9f2587c-573c-11ea-bbf0-48f17f8d4d88', 15, '0', '2020-02-24 21:36:12', '8217b572-3c7d-11ea-8876-c8f7501047dc', '2020-02-25 07:07:20', '8217b572-3c7d-11ea-8876-c8f7501047dc', 1),
('ea18a56a-4e3c-11ea-a87a-48f17f8d4d88', 'ea184eba-4e3c-11ea-a87a-48f17f8d4d88', 1, '3234', '2020-02-13 10:43:32', '8217b572-3c7d-11ea-8876-c8f7501047dc', '2020-02-13 10:43:32', '8217b572-3c7d-11ea-8876-c8f7501047dc', 0),
('ea18d8e3-4e3c-11ea-a87a-48f17f8d4d88', 'ea184eba-4e3c-11ea-a87a-48f17f8d4d88', 2, '4324', '2020-02-13 10:43:32', '8217b572-3c7d-11ea-8876-c8f7501047dc', '2020-02-13 10:43:32', '8217b572-3c7d-11ea-8876-c8f7501047dc', 0),
('ea18f8e3-4e3c-11ea-a87a-48f17f8d4d88', 'ea184eba-4e3c-11ea-a87a-48f17f8d4d88', 3, '4324324', '2020-02-13 10:43:32', '8217b572-3c7d-11ea-8876-c8f7501047dc', '2020-02-13 10:43:32', '8217b572-3c7d-11ea-8876-c8f7501047dc', 0),
('ea1922d1-4e3c-11ea-a87a-48f17f8d4d88', 'ea184eba-4e3c-11ea-a87a-48f17f8d4d88', 4, '324', '2020-02-13 10:43:32', '8217b572-3c7d-11ea-8876-c8f7501047dc', '2020-02-13 10:43:32', '8217b572-3c7d-11ea-8876-c8f7501047dc', 0),
('ea1942ba-4e3c-11ea-a87a-48f17f8d4d88', 'ea184eba-4e3c-11ea-a87a-48f17f8d4d88', 5, '434324', '2020-02-13 10:43:32', '8217b572-3c7d-11ea-8876-c8f7501047dc', '2020-02-13 10:43:32', '8217b572-3c7d-11ea-8876-c8f7501047dc', 0),
('ea196344-4e3c-11ea-a87a-48f17f8d4d88', 'ea184eba-4e3c-11ea-a87a-48f17f8d4d88', 6, '4324', '2020-02-13 10:43:32', '8217b572-3c7d-11ea-8876-c8f7501047dc', '2020-02-13 10:43:32', '8217b572-3c7d-11ea-8876-c8f7501047dc', 0),
('ea198666-4e3c-11ea-a87a-48f17f8d4d88', 'ea184eba-4e3c-11ea-a87a-48f17f8d4d88', 7, '432432', '2020-02-13 10:43:32', '8217b572-3c7d-11ea-8876-c8f7501047dc', '2020-02-13 10:43:32', '8217b572-3c7d-11ea-8876-c8f7501047dc', 0),
('ea19aadb-4e3c-11ea-a87a-48f17f8d4d88', 'ea184eba-4e3c-11ea-a87a-48f17f8d4d88', 8, '24', '2020-02-13 10:43:32', '8217b572-3c7d-11ea-8876-c8f7501047dc', '2020-02-13 10:43:32', '8217b572-3c7d-11ea-8876-c8f7501047dc', 0),
('ea19ce88-4e3c-11ea-a87a-48f17f8d4d88', 'ea184eba-4e3c-11ea-a87a-48f17f8d4d88', 9, '43243', '2020-02-13 10:43:32', '8217b572-3c7d-11ea-8876-c8f7501047dc', '2020-02-13 10:43:32', '8217b572-3c7d-11ea-8876-c8f7501047dc', 0),
('ea19f526-4e3c-11ea-a87a-48f17f8d4d88', 'ea184eba-4e3c-11ea-a87a-48f17f8d4d88', 10, '432443', '2020-02-13 10:43:32', '8217b572-3c7d-11ea-8876-c8f7501047dc', '2020-02-13 10:43:32', '8217b572-3c7d-11ea-8876-c8f7501047dc', 0),
('ea1a1f22-4e3c-11ea-a87a-48f17f8d4d88', 'ea184eba-4e3c-11ea-a87a-48f17f8d4d88', 11, '432432', '2020-02-13 10:43:32', '8217b572-3c7d-11ea-8876-c8f7501047dc', '2020-02-13 10:43:32', '8217b572-3c7d-11ea-8876-c8f7501047dc', 0),
('ea1a4ffd-4e3c-11ea-a87a-48f17f8d4d88', 'ea184eba-4e3c-11ea-a87a-48f17f8d4d88', 12, '4324', '2020-02-13 10:43:32', '8217b572-3c7d-11ea-8876-c8f7501047dc', '2020-02-13 10:43:32', '8217b572-3c7d-11ea-8876-c8f7501047dc', 0),
('ea1b4e3b-4e3c-11ea-a87a-48f17f8d4d88', 'ea184eba-4e3c-11ea-a87a-48f17f8d4d88', 13, '432432432', '2020-02-13 10:43:32', '8217b572-3c7d-11ea-8876-c8f7501047dc', '2020-02-13 10:43:32', '8217b572-3c7d-11ea-8876-c8f7501047dc', 0),
('ea1b81b2-4e3c-11ea-a87a-48f17f8d4d88', 'ea184eba-4e3c-11ea-a87a-48f17f8d4d88', 14, '32432', '2020-02-13 10:43:32', '8217b572-3c7d-11ea-8876-c8f7501047dc', '2020-02-13 10:43:32', '8217b572-3c7d-11ea-8876-c8f7501047dc', 0),
('ea1bbc50-4e3c-11ea-a87a-48f17f8d4d88', 'ea184eba-4e3c-11ea-a87a-48f17f8d4d88', 15, '432432', '2020-02-13 10:43:32', '8217b572-3c7d-11ea-8876-c8f7501047dc', '2020-02-13 10:43:32', '8217b572-3c7d-11ea-8876-c8f7501047dc', 0),
('eebcba94-4e56-11ea-a87a-48f17f8d4d88', 'eebc180e-4e56-11ea-a87a-48f17f8d4d88', 1, '500', '2020-02-13 13:49:47', '8217b572-3c7d-11ea-8876-c8f7501047dc', '2020-02-13 13:49:47', '8217b572-3c7d-11ea-8876-c8f7501047dc', 0),
('eebd353a-4e56-11ea-a87a-48f17f8d4d88', 'eebc180e-4e56-11ea-a87a-48f17f8d4d88', 2, '500', '2020-02-13 13:49:47', '8217b572-3c7d-11ea-8876-c8f7501047dc', '2020-02-13 13:49:47', '8217b572-3c7d-11ea-8876-c8f7501047dc', 0),
('eebd7dda-4e56-11ea-a87a-48f17f8d4d88', 'eebc180e-4e56-11ea-a87a-48f17f8d4d88', 3, '14', '2020-02-13 13:49:47', '8217b572-3c7d-11ea-8876-c8f7501047dc', '2020-02-13 13:49:47', '8217b572-3c7d-11ea-8876-c8f7501047dc', 0),
('eebdb990-4e56-11ea-a87a-48f17f8d4d88', 'eebc180e-4e56-11ea-a87a-48f17f8d4d88', 4, '500', '2020-02-13 13:49:47', '8217b572-3c7d-11ea-8876-c8f7501047dc', '2020-02-13 13:49:47', '8217b572-3c7d-11ea-8876-c8f7501047dc', 0),
('eebdf282-4e56-11ea-a87a-48f17f8d4d88', 'eebc180e-4e56-11ea-a87a-48f17f8d4d88', 5, '500', '2020-02-13 13:49:47', '8217b572-3c7d-11ea-8876-c8f7501047dc', '2020-02-13 13:49:47', '8217b572-3c7d-11ea-8876-c8f7501047dc', 0),
('eebe2ccb-4e56-11ea-a87a-48f17f8d4d88', 'eebc180e-4e56-11ea-a87a-48f17f8d4d88', 6, '500', '2020-02-13 13:49:47', '8217b572-3c7d-11ea-8876-c8f7501047dc', '2020-02-13 13:49:47', '8217b572-3c7d-11ea-8876-c8f7501047dc', 0),
('eebe6b05-4e56-11ea-a87a-48f17f8d4d88', 'eebc180e-4e56-11ea-a87a-48f17f8d4d88', 7, '500', '2020-02-13 13:49:47', '8217b572-3c7d-11ea-8876-c8f7501047dc', '2020-02-13 13:49:47', '8217b572-3c7d-11ea-8876-c8f7501047dc', 0),
('eebea11d-4e56-11ea-a87a-48f17f8d4d88', 'eebc180e-4e56-11ea-a87a-48f17f8d4d88', 8, '500', '2020-02-13 13:49:47', '8217b572-3c7d-11ea-8876-c8f7501047dc', '2020-02-13 13:49:47', '8217b572-3c7d-11ea-8876-c8f7501047dc', 0),
('eebed70f-4e56-11ea-a87a-48f17f8d4d88', 'eebc180e-4e56-11ea-a87a-48f17f8d4d88', 9, '500', '2020-02-13 13:49:47', '8217b572-3c7d-11ea-8876-c8f7501047dc', '2020-02-13 13:49:47', '8217b572-3c7d-11ea-8876-c8f7501047dc', 0),
('eebf10d1-4e56-11ea-a87a-48f17f8d4d88', 'eebc180e-4e56-11ea-a87a-48f17f8d4d88', 10, '500', '2020-02-13 13:49:47', '8217b572-3c7d-11ea-8876-c8f7501047dc', '2020-02-13 13:49:47', '8217b572-3c7d-11ea-8876-c8f7501047dc', 0),
('eebf51e0-4e56-11ea-a87a-48f17f8d4d88', 'eebc180e-4e56-11ea-a87a-48f17f8d4d88', 11, '500', '2020-02-13 13:49:47', '8217b572-3c7d-11ea-8876-c8f7501047dc', '2020-02-13 13:49:47', '8217b572-3c7d-11ea-8876-c8f7501047dc', 0),
('eebfa45e-4e56-11ea-a87a-48f17f8d4d88', 'eebc180e-4e56-11ea-a87a-48f17f8d4d88', 12, '500', '2020-02-13 13:49:47', '8217b572-3c7d-11ea-8876-c8f7501047dc', '2020-02-13 13:49:47', '8217b572-3c7d-11ea-8876-c8f7501047dc', 0),
('eebfdf77-4e56-11ea-a87a-48f17f8d4d88', 'eebc180e-4e56-11ea-a87a-48f17f8d4d88', 13, '500', '2020-02-13 13:49:47', '8217b572-3c7d-11ea-8876-c8f7501047dc', '2020-02-13 13:49:47', '8217b572-3c7d-11ea-8876-c8f7501047dc', 0),
('eec0176d-4e56-11ea-a87a-48f17f8d4d88', 'eebc180e-4e56-11ea-a87a-48f17f8d4d88', 14, '500', '2020-02-13 13:49:47', '8217b572-3c7d-11ea-8876-c8f7501047dc', '2020-02-13 13:49:47', '8217b572-3c7d-11ea-8876-c8f7501047dc', 0),
('eec050cb-4e56-11ea-a87a-48f17f8d4d88', 'eebc180e-4e56-11ea-a87a-48f17f8d4d88', 15, '500', '2020-02-13 13:49:47', '8217b572-3c7d-11ea-8876-c8f7501047dc', '2020-02-13 13:49:47', '8217b572-3c7d-11ea-8876-c8f7501047dc', 0),
('f73c6282-4de0-11ea-b5e8-48f17f8d4d88', 'f73bb505-4de0-11ea-b5e8-48f17f8d4d88', 1, '500', '2020-02-12 23:45:20', '8217b572-3c7d-11ea-8876-c8f7501047dc', '2020-02-12 23:45:20', '8217b572-3c7d-11ea-8876-c8f7501047dc', 0),
('f73cc3bf-4de0-11ea-b5e8-48f17f8d4d88', 'f73bb505-4de0-11ea-b5e8-48f17f8d4d88', 2, '500', '2020-02-12 23:45:20', '8217b572-3c7d-11ea-8876-c8f7501047dc', '2020-02-12 23:45:20', '8217b572-3c7d-11ea-8876-c8f7501047dc', 0),
('f73d0bc5-4de0-11ea-b5e8-48f17f8d4d88', 'f73bb505-4de0-11ea-b5e8-48f17f8d4d88', 3, '14', '2020-02-12 23:45:20', '8217b572-3c7d-11ea-8876-c8f7501047dc', '2020-02-12 23:45:20', '8217b572-3c7d-11ea-8876-c8f7501047dc', 0),
('f73d57ab-4de0-11ea-b5e8-48f17f8d4d88', 'f73bb505-4de0-11ea-b5e8-48f17f8d4d88', 4, '500', '2020-02-12 23:45:20', '8217b572-3c7d-11ea-8876-c8f7501047dc', '2020-02-12 23:45:20', '8217b572-3c7d-11ea-8876-c8f7501047dc', 0),
('f73da486-4de0-11ea-b5e8-48f17f8d4d88', 'f73bb505-4de0-11ea-b5e8-48f17f8d4d88', 5, '500', '2020-02-12 23:45:20', '8217b572-3c7d-11ea-8876-c8f7501047dc', '2020-02-12 23:45:20', '8217b572-3c7d-11ea-8876-c8f7501047dc', 0),
('f73df343-4de0-11ea-b5e8-48f17f8d4d88', 'f73bb505-4de0-11ea-b5e8-48f17f8d4d88', 6, '500', '2020-02-12 23:45:20', '8217b572-3c7d-11ea-8876-c8f7501047dc', '2020-02-12 23:45:20', '8217b572-3c7d-11ea-8876-c8f7501047dc', 0),
('f73e35e5-4de0-11ea-b5e8-48f17f8d4d88', 'f73bb505-4de0-11ea-b5e8-48f17f8d4d88', 7, '500', '2020-02-12 23:45:20', '8217b572-3c7d-11ea-8876-c8f7501047dc', '2020-02-12 23:45:20', '8217b572-3c7d-11ea-8876-c8f7501047dc', 0),
('f73e7e00-4de0-11ea-b5e8-48f17f8d4d88', 'f73bb505-4de0-11ea-b5e8-48f17f8d4d88', 8, '500', '2020-02-12 23:45:20', '8217b572-3c7d-11ea-8876-c8f7501047dc', '2020-02-12 23:45:20', '8217b572-3c7d-11ea-8876-c8f7501047dc', 0),
('f73ebf47-4de0-11ea-b5e8-48f17f8d4d88', 'f73bb505-4de0-11ea-b5e8-48f17f8d4d88', 9, '500', '2020-02-12 23:45:20', '8217b572-3c7d-11ea-8876-c8f7501047dc', '2020-02-12 23:45:20', '8217b572-3c7d-11ea-8876-c8f7501047dc', 0),
('f73f01e6-4de0-11ea-b5e8-48f17f8d4d88', 'f73bb505-4de0-11ea-b5e8-48f17f8d4d88', 10, '500', '2020-02-12 23:45:20', '8217b572-3c7d-11ea-8876-c8f7501047dc', '2020-02-12 23:45:20', '8217b572-3c7d-11ea-8876-c8f7501047dc', 0),
('f73f387f-4de0-11ea-b5e8-48f17f8d4d88', 'f73bb505-4de0-11ea-b5e8-48f17f8d4d88', 11, '500', '2020-02-12 23:45:20', '8217b572-3c7d-11ea-8876-c8f7501047dc', '2020-02-12 23:45:20', '8217b572-3c7d-11ea-8876-c8f7501047dc', 0),
('f73f7fd2-4de0-11ea-b5e8-48f17f8d4d88', 'f73bb505-4de0-11ea-b5e8-48f17f8d4d88', 12, '500', '2020-02-12 23:45:20', '8217b572-3c7d-11ea-8876-c8f7501047dc', '2020-02-12 23:45:20', '8217b572-3c7d-11ea-8876-c8f7501047dc', 0),
('f73fc1e9-4de0-11ea-b5e8-48f17f8d4d88', 'f73bb505-4de0-11ea-b5e8-48f17f8d4d88', 13, '500', '2020-02-12 23:45:20', '8217b572-3c7d-11ea-8876-c8f7501047dc', '2020-02-12 23:45:20', '8217b572-3c7d-11ea-8876-c8f7501047dc', 0),
('f73ff2de-4de0-11ea-b5e8-48f17f8d4d88', 'f73bb505-4de0-11ea-b5e8-48f17f8d4d88', 14, '500', '2020-02-12 23:45:20', '8217b572-3c7d-11ea-8876-c8f7501047dc', '2020-02-12 23:45:20', '8217b572-3c7d-11ea-8876-c8f7501047dc', 0),
('f74030da-4de0-11ea-b5e8-48f17f8d4d88', 'f73bb505-4de0-11ea-b5e8-48f17f8d4d88', 15, '500', '2020-02-12 23:45:20', '8217b572-3c7d-11ea-8876-c8f7501047dc', '2020-02-12 23:45:20', '8217b572-3c7d-11ea-8876-c8f7501047dc', 0),
('f798fdf4-414a-11ea-abf7-48f17f8d4d88', 'test', 0, '0', '2020-01-27 23:21:22', 'test', '2020-01-27 23:21:22', 'test', 1),
('f985a8b4-4de0-11ea-b5e8-48f17f8d4d88', 'f984f0ed-4de0-11ea-b5e8-48f17f8d4d88', 1, '500', '2020-02-12 23:45:24', '8217b572-3c7d-11ea-8876-c8f7501047dc', '2020-02-12 23:45:24', '8217b572-3c7d-11ea-8876-c8f7501047dc', 0),
('f9860a2e-4de0-11ea-b5e8-48f17f8d4d88', 'f984f0ed-4de0-11ea-b5e8-48f17f8d4d88', 2, '500', '2020-02-12 23:45:24', '8217b572-3c7d-11ea-8876-c8f7501047dc', '2020-02-12 23:45:24', '8217b572-3c7d-11ea-8876-c8f7501047dc', 0),
('f9865af1-4de0-11ea-b5e8-48f17f8d4d88', 'f984f0ed-4de0-11ea-b5e8-48f17f8d4d88', 3, '14', '2020-02-12 23:45:24', '8217b572-3c7d-11ea-8876-c8f7501047dc', '2020-02-12 23:45:24', '8217b572-3c7d-11ea-8876-c8f7501047dc', 0),
('f986a41b-4de0-11ea-b5e8-48f17f8d4d88', 'f984f0ed-4de0-11ea-b5e8-48f17f8d4d88', 4, '500', '2020-02-12 23:45:24', '8217b572-3c7d-11ea-8876-c8f7501047dc', '2020-02-12 23:45:24', '8217b572-3c7d-11ea-8876-c8f7501047dc', 0),
('f986ed97-4de0-11ea-b5e8-48f17f8d4d88', 'f984f0ed-4de0-11ea-b5e8-48f17f8d4d88', 5, '500', '2020-02-12 23:45:24', '8217b572-3c7d-11ea-8876-c8f7501047dc', '2020-02-12 23:45:24', '8217b572-3c7d-11ea-8876-c8f7501047dc', 0),
('f987321a-4de0-11ea-b5e8-48f17f8d4d88', 'f984f0ed-4de0-11ea-b5e8-48f17f8d4d88', 6, '500', '2020-02-12 23:45:24', '8217b572-3c7d-11ea-8876-c8f7501047dc', '2020-02-12 23:45:24', '8217b572-3c7d-11ea-8876-c8f7501047dc', 0),
('f9876b8c-4de0-11ea-b5e8-48f17f8d4d88', 'f984f0ed-4de0-11ea-b5e8-48f17f8d4d88', 7, '500', '2020-02-12 23:45:24', '8217b572-3c7d-11ea-8876-c8f7501047dc', '2020-02-12 23:45:24', '8217b572-3c7d-11ea-8876-c8f7501047dc', 0),
('f987a1a8-4de0-11ea-b5e8-48f17f8d4d88', 'f984f0ed-4de0-11ea-b5e8-48f17f8d4d88', 8, '500', '2020-02-12 23:45:24', '8217b572-3c7d-11ea-8876-c8f7501047dc', '2020-02-12 23:45:24', '8217b572-3c7d-11ea-8876-c8f7501047dc', 0),
('f987e29f-4de0-11ea-b5e8-48f17f8d4d88', 'f984f0ed-4de0-11ea-b5e8-48f17f8d4d88', 9, '500', '2020-02-12 23:45:24', '8217b572-3c7d-11ea-8876-c8f7501047dc', '2020-02-12 23:45:24', '8217b572-3c7d-11ea-8876-c8f7501047dc', 0),
('f98806e0-4de0-11ea-b5e8-48f17f8d4d88', 'f984f0ed-4de0-11ea-b5e8-48f17f8d4d88', 10, '500', '2020-02-12 23:45:24', '8217b572-3c7d-11ea-8876-c8f7501047dc', '2020-02-12 23:45:24', '8217b572-3c7d-11ea-8876-c8f7501047dc', 0),
('f9883f4d-4de0-11ea-b5e8-48f17f8d4d88', 'f984f0ed-4de0-11ea-b5e8-48f17f8d4d88', 11, '500', '2020-02-12 23:45:24', '8217b572-3c7d-11ea-8876-c8f7501047dc', '2020-02-12 23:45:24', '8217b572-3c7d-11ea-8876-c8f7501047dc', 0),
('f988640c-4de0-11ea-b5e8-48f17f8d4d88', 'f984f0ed-4de0-11ea-b5e8-48f17f8d4d88', 12, '500', '2020-02-12 23:45:24', '8217b572-3c7d-11ea-8876-c8f7501047dc', '2020-02-12 23:45:24', '8217b572-3c7d-11ea-8876-c8f7501047dc', 0),
('f988842a-4de0-11ea-b5e8-48f17f8d4d88', 'f984f0ed-4de0-11ea-b5e8-48f17f8d4d88', 13, '500', '2020-02-12 23:45:24', '8217b572-3c7d-11ea-8876-c8f7501047dc', '2020-02-12 23:45:24', '8217b572-3c7d-11ea-8876-c8f7501047dc', 0),
('f988b007-4de0-11ea-b5e8-48f17f8d4d88', 'f984f0ed-4de0-11ea-b5e8-48f17f8d4d88', 14, '500', '2020-02-12 23:45:24', '8217b572-3c7d-11ea-8876-c8f7501047dc', '2020-02-12 23:45:24', '8217b572-3c7d-11ea-8876-c8f7501047dc', 0),
('f988def0-4de0-11ea-b5e8-48f17f8d4d88', 'f984f0ed-4de0-11ea-b5e8-48f17f8d4d88', 15, '500', '2020-02-12 23:45:24', '8217b572-3c7d-11ea-8876-c8f7501047dc', '2020-02-12 23:45:24', '8217b572-3c7d-11ea-8876-c8f7501047dc', 0),
('f9d5cd76-414a-11ea-abf7-48f17f8d4d88', 'test', 0, '0', '2020-01-27 23:21:26', 'test', '2020-01-27 23:21:26', 'test', 1),
('fa5b454f-414a-11ea-abf7-48f17f8d4d88', 'test', 0, '0', '2020-01-27 23:21:27', 'test', '2020-01-27 23:21:27', 'test', 1),
('fae9d2bf-414a-11ea-abf7-48f17f8d4d88', 'test', 0, '0', '2020-01-27 23:21:28', 'test', '2020-01-27 23:21:28', 'test', 1),
('fb304dc7-414a-11ea-abf7-48f17f8d4d88', 'test', 0, '0', '2020-01-27 23:21:28', 'test', '2020-01-27 23:21:28', 'test', 1),
('fc29c8df-414a-11ea-abf7-48f17f8d4d88', 'test', 0, '0', '2020-01-27 23:21:30', 'test', '2020-01-27 23:21:30', 'test', 1),
('fc30a19a-5786-11ea-8fd4-48f17f8d4d88', 'fc30391f-5786-11ea-8fd4-48f17f8d4d88', 1, 'aaaa', '2020-02-25 06:26:17', 'test', '2020-02-25 06:43:25', 'test', 1),
('fc30ca91-5786-11ea-8fd4-48f17f8d4d88', 'fc30391f-5786-11ea-8fd4-48f17f8d4d88', 2, '231312', '2020-02-25 06:26:17', 'test', '2020-02-25 06:43:25', 'test', 1),
('fc30f6c0-5786-11ea-8fd4-48f17f8d4d88', 'fc30391f-5786-11ea-8fd4-48f17f8d4d88', 3, '32131', '2020-02-25 06:26:17', 'test', '2020-02-25 06:43:25', 'test', 1),
('fc311d4c-5786-11ea-8fd4-48f17f8d4d88', 'fc30391f-5786-11ea-8fd4-48f17f8d4d88', 4, '3123', '2020-02-25 06:26:17', 'test', '2020-02-25 06:43:25', 'test', 1),
('fc314278-5786-11ea-8fd4-48f17f8d4d88', 'fc30391f-5786-11ea-8fd4-48f17f8d4d88', 5, '3213', '2020-02-25 06:26:17', 'test', '2020-02-25 06:43:25', 'test', 1),
('fc316338-5786-11ea-8fd4-48f17f8d4d88', 'fc30391f-5786-11ea-8fd4-48f17f8d4d88', 6, '3213', '2020-02-25 06:26:17', 'test', '2020-02-25 06:43:25', 'test', 1),
('fc3182b1-5786-11ea-8fd4-48f17f8d4d88', 'fc30391f-5786-11ea-8fd4-48f17f8d4d88', 7, '3213', '2020-02-25 06:26:17', 'test', '2020-02-25 06:43:25', 'test', 1),
('fc31a216-5786-11ea-8fd4-48f17f8d4d88', 'fc30391f-5786-11ea-8fd4-48f17f8d4d88', 8, '3123', '2020-02-25 06:26:17', 'test', '2020-02-25 06:43:25', 'test', 1),
('fc31cd74-5786-11ea-8fd4-48f17f8d4d88', 'fc30391f-5786-11ea-8fd4-48f17f8d4d88', 9, '3123', '2020-02-25 06:26:17', 'test', '2020-02-25 06:43:25', 'test', 1),
('fc31f9f8-5786-11ea-8fd4-48f17f8d4d88', 'fc30391f-5786-11ea-8fd4-48f17f8d4d88', 10, '3123', '2020-02-25 06:26:17', 'test', '2020-02-25 06:43:25', 'test', 1),
('fc32195b-5786-11ea-8fd4-48f17f8d4d88', 'fc30391f-5786-11ea-8fd4-48f17f8d4d88', 11, '321', '2020-02-25 06:26:17', 'test', '2020-02-25 06:43:25', 'test', 1),
('fc32418d-5786-11ea-8fd4-48f17f8d4d88', 'fc30391f-5786-11ea-8fd4-48f17f8d4d88', 12, '321', '2020-02-25 06:26:17', 'test', '2020-02-25 06:43:25', 'test', 1),
('fc326acf-5786-11ea-8fd4-48f17f8d4d88', 'fc30391f-5786-11ea-8fd4-48f17f8d4d88', 13, '3213', '2020-02-25 06:26:17', '8217b572-3c7d-11ea-8876-c8f7501047dc', '2020-02-25 06:43:25', '8217b572-3c7d-11ea-8876-c8f7501047dc', 1),
('fc329c86-5786-11ea-8fd4-48f17f8d4d88', 'fc30391f-5786-11ea-8fd4-48f17f8d4d88', 14, '3213', '2020-02-25 06:26:17', 'test', '2020-02-25 06:43:25', 'test', 1),
('fc32d106-5786-11ea-8fd4-48f17f8d4d88', 'fc30391f-5786-11ea-8fd4-48f17f8d4d88', 15, '3213', '2020-02-25 06:26:17', '8217b572-3c7d-11ea-8876-c8f7501047dc', '2020-02-25 06:43:25', '8217b572-3c7d-11ea-8876-c8f7501047dc', 1),
('fc85d42a-414a-11ea-abf7-48f17f8d4d88', 'test', 0, '0', '2020-01-27 23:21:30', 'test', '2020-01-27 23:21:30', 'test', 1);

-- --------------------------------------------------------

--
-- Table structure for table `measurement`
--

CREATE TABLE `measurement` (
  `MeasurementId` int(11) NOT NULL,
  `Name` varchar(50) NOT NULL,
  `UnitOfMeasurement` varchar(20) NOT NULL,
  `Type` varchar(30) DEFAULT NULL,
  `CreateDate` datetime NOT NULL DEFAULT current_timestamp(),
  `CreateUserId` varchar(225) NOT NULL,
  `ModifyDate` datetime NOT NULL DEFAULT current_timestamp(),
  `ModifyUserId` varchar(225) NOT NULL,
  `StatusId` int(11) NOT NULL
) ENGINE=InnoDB DEFAULT CHARSET=latin1;

--
-- Dumping data for table `measurement`
--

INSERT INTO `measurement` (`MeasurementId`, `Name`, `UnitOfMeasurement`, `Type`, `CreateDate`, `CreateUserId`, `ModifyDate`, `ModifyUserId`, `StatusId`) VALUES
(1, 'Compressive strength', 'test', 'Text', '2020-01-27 23:00:04', '8217b572-3c7d-11ea-8876-c8f7501047dc', '2020-02-25 06:40:31', '8217b572-3c7d-11ea-8876-c8f7501047dc', 1),
(2, 'Casting date', 'test', 'Date', '2020-01-27 23:00:48', '8217b572-3c7d-11ea-8876-c8f7501047dc', '2020-02-25 07:39:13', '8217b572-3c7d-11ea-8876-c8f7501047dc', 1),
(3, 'Truck arrival time', 'test', NULL, '2020-01-27 23:00:55', 'test', '2020-01-27 23:00:55', 'test', 1),
(4, 'cubic yards needed', 'test', NULL, '2020-01-27 23:02:03', 'test', '2020-01-27 23:02:03', 'test', 1),
(5, 'Mix design number', 'test', NULL, '2020-01-27 23:02:31', 'test', '2020-01-27 23:02:31', 'test', 1),
(6, 'Compressive strength', 'Mpa', NULL, '2020-01-27 23:02:54', 'test', '2020-01-27 23:02:54', 'test', 1),
(7, 'Maximum size coarse aggregate', 'Mpa', NULL, '2020-01-27 23:04:24', 'test', '2020-01-27 23:04:24', 'test', 1),
(8, 'fly ash', 'kg', NULL, '2020-01-27 23:04:25', 'test', '2020-01-27 23:04:25', 'test', 1),
(9, 'air Entrainment', 'kg', NULL, '2020-01-27 23:04:26', 'test', '2020-01-27 23:04:26', 'test', 1),
(10, 'retardant', 'mpa', NULL, '2020-01-27 23:04:26', 'test', '2020-01-27 23:04:26', 'test', 1),
(11, 'Supermerplasticizer', 'kg', NULL, '2020-01-27 23:04:26', 'test', '2020-01-27 23:04:26', 'test', 1),
(12, 'Slump', 'mm', NULL, '2020-01-27 23:04:26', 'test', '2020-01-27 23:04:26', 'test', 1);

-- --------------------------------------------------------

--
-- Table structure for table `orderstatus`
--

CREATE TABLE `orderstatus` (
  `StatusId` int(11) NOT NULL,
  `Description` int(11) NOT NULL,
  `CreateDate` datetime NOT NULL DEFAULT current_timestamp(),
  `CreateUserId` varchar(225) NOT NULL,
  `ModifyDate` datetime NOT NULL DEFAULT current_timestamp(),
  `ModifyUserId` varchar(225) NOT NULL,
  `IsActive` tinyint(1) NOT NULL
) ENGINE=InnoDB DEFAULT CHARSET=latin1;

-- --------------------------------------------------------

--
-- Table structure for table `role`
--

CREATE TABLE `role` (
  `Id` int(5) NOT NULL,
  `RoleName` varchar(50) NOT NULL,
  `CreateDate` datetime NOT NULL DEFAULT current_timestamp(),
  `CreateUserId` varchar(225) NOT NULL,
  `ModifyDate` datetime NOT NULL DEFAULT current_timestamp(),
  `ModifyUserId` varchar(225) NOT NULL,
  `StatusId` int(11) NOT NULL
) ENGINE=InnoDB DEFAULT CHARSET=latin1;

--
-- Dumping data for table `role`
--

INSERT INTO `role` (`Id`, `RoleName`, `CreateDate`, `CreateUserId`, `ModifyDate`, `ModifyUserId`, `StatusId`) VALUES
(1, 'Admin', '2020-01-21 20:41:37', 'sys', '2020-01-21 20:41:37', 'sys', 1),
(2, 'Engineer', '2020-01-21 20:41:37', 'sys', '2020-01-21 20:41:37', 'sys', 1),
(3, 'Supplier', '2020-02-08 17:22:50', 'sys', '2020-02-08 17:22:50', 'sys', 1),
(4, 'Assistant', '2020-02-08 21:39:07', 'sys', '2020-02-08 21:39:07', 'sys', 1);

-- --------------------------------------------------------

--
-- Table structure for table `statuses`
--

CREATE TABLE `statuses` (
  `StatusId` int(11) NOT NULL,
  `Description` varchar(25) NOT NULL,
  `CreateDate` datetime NOT NULL DEFAULT current_timestamp(),
  `CreateUserId` varchar(225) NOT NULL,
  `ModifyDate` datetime NOT NULL DEFAULT current_timestamp(),
  `ModifyUserId` varchar(225) NOT NULL,
  `IsActive` int(11) NOT NULL
) ENGINE=InnoDB DEFAULT CHARSET=latin1;

--
-- Dumping data for table `statuses`
--

INSERT INTO `statuses` (`StatusId`, `Description`, `CreateDate`, `CreateUserId`, `ModifyDate`, `ModifyUserId`, `IsActive`) VALUES
(1, 'Pending', '2020-02-19 20:58:17', 'sys', '2020-02-19 20:58:17', 'sys', 1),
(2, 'Accepted', '2020-02-19 21:01:27', 'sys', '2020-02-19 21:01:27', 'sys', 1),
(3, 'In Progress', '2020-02-19 21:01:27', 'sys', '2020-02-19 21:01:27', 'sys', 1),
(4, 'On its way', '2020-02-19 21:01:27', 'sys', '2020-02-19 21:01:27', 'sys', 1),
(5, 'Completed', '2020-02-19 21:01:27', 'sys', '2020-02-19 21:01:27', 'sys', 1),
(6, 'Cancelled', '2020-02-19 21:01:27', 'sys', '2020-02-19 21:01:27', 'sys', 1),
(7, 'Declined by Customer', '2020-02-19 21:01:27', 'sys', '2020-02-19 21:01:27', 'sys', 1),
(8, 'Declined by supplier', '2020-02-19 21:01:27', 'sys', '2020-02-19 21:01:27', 'sys', 1);

-- --------------------------------------------------------

--
-- Table structure for table `supplier`
--

CREATE TABLE `supplier` (
  `SupplierId` varchar(225) NOT NULL,
  `SupplierName` varchar(50) NOT NULL,
  `ContactNumber` varchar(50) NOT NULL,
  `EmailAddress` varchar(50) NOT NULL,
  `ContactPerson` varchar(225) NOT NULL,
  `SupplierAddress` varchar(225) NOT NULL,
  `City` varchar(50) NOT NULL,
  `PostalCode` varchar(10) NOT NULL,
  `CreateDate` datetime NOT NULL DEFAULT current_timestamp(),
  `CreateUserId` varchar(225) NOT NULL,
  `ModifyDate` datetime NOT NULL DEFAULT current_timestamp(),
  `ModifyUserId` varchar(225) NOT NULL,
  `StatusId` int(11) NOT NULL
) ENGINE=InnoDB DEFAULT CHARSET=latin1;

--
-- Dumping data for table `supplier`
--

INSERT INTO `supplier` (`SupplierId`, `SupplierName`, `ContactNumber`, `EmailAddress`, `ContactPerson`, `SupplierAddress`, `City`, `PostalCode`, `CreateDate`, `CreateUserId`, `ModifyDate`, `ModifyUserId`, `StatusId`) VALUES
('0f84d16d-45cf-11ea-bfe3-c8f7501047dc', 'Bronders', '0133245244', 'bronders@sa.co.za', 'Graig', 'not-set', 'Cape Town', '10001', '2020-02-02 17:17:00', '8217b572-3c7d-11ea-8876-c8f7501047dc', '2020-02-02 17:17:00', '8217b572-3c7d-11ea-8876-c8f7501047dc', 1),
('15c1d82b-4935-11ea-b7e8-c8f7501047dc', 'Becker', 'na', 'becker@mail.com', 'Becker', 'na', 'na', 'na', '2020-02-08 22:39:24', 'sys', '2020-02-08 22:39:24', 'sys', 1),
('26d927af-45db-11ea-bfe3-c8f7501047dc', 'Stoner Supplies', '0144521142', 'stoner@mail.com', 'Jimmy', 'not-set', 'Bank Street', '500', '2020-02-02 18:43:34', '8217b572-3c7d-11ea-8876-c8f7501047dc', '2020-02-02 18:43:34', '8217b572-3c7d-11ea-8876-c8f7501047dc', 1);

-- --------------------------------------------------------

--
-- Table structure for table `suppliercategory`
--

CREATE TABLE `suppliercategory` (
  `Id` int(11) NOT NULL,
  `SupplierId` varchar(225) NOT NULL,
  `CategoryId` int(11) NOT NULL,
  `CreateDate` datetime NOT NULL DEFAULT current_timestamp(),
  `CreateUserId` varchar(225) NOT NULL,
  `ModifyDate` datetime NOT NULL DEFAULT current_timestamp(),
  `ModifyUserId` varchar(225) NOT NULL,
  `StatusId` int(11) NOT NULL
) ENGINE=InnoDB DEFAULT CHARSET=latin1;

-- --------------------------------------------------------

--
-- Table structure for table `user`
--

CREATE TABLE `user` (
  `UserId` varchar(225) NOT NULL,
  `FirstName` varchar(50) NOT NULL,
  `LastName` varchar(50) NOT NULL,
  `Email` varchar(50) NOT NULL,
  `Password` varchar(50) NOT NULL,
  `Cellphone` varchar(15) NOT NULL,
  `RoleId` int(10) NOT NULL,
  `CreateDate` datetime NOT NULL DEFAULT current_timestamp(),
  `CreateUserId` varchar(225) NOT NULL,
  `ModifyDate` datetime NOT NULL DEFAULT current_timestamp(),
  `ModifyUserId` varchar(225) NOT NULL,
  `StatusId` int(10) NOT NULL
) ENGINE=InnoDB DEFAULT CHARSET=latin1;

--
-- Dumping data for table `user`
--

INSERT INTO `user` (`UserId`, `FirstName`, `LastName`, `Email`, `Password`, `Cellphone`, `RoleId`, `CreateDate`, `CreateUserId`, `ModifyDate`, `ModifyUserId`, `StatusId`) VALUES
('0d9678af-4ab0-11ea-b387-c8f7501047dc', 'test', 'user', 'Engineer@mail.com', '12345', 'na', 2, '2020-02-08 22:17:32', 'sys', '2020-02-08 22:17:32', 'sys', 1),
('1b5b7944-4ab3-11ea-b387-c8f7501047dc', 'Becker', 'News', 'becker@mail.com', '12345', 'na', 3, '2020-02-08 22:39:24', 'sys', '2020-02-08 22:39:24', 'sys', 1),
('36e8d88f-4ab3-11ea-b387-c8f7501047dc', 'Steve', 'Nkosi', 'steven@mail.com', '12345', 'na', 2, '2020-02-08 22:40:10', 'sys', '2020-02-08 22:40:10', 'sys', 1),
('5cea9755-4aaf-11ea-b387-c8f7501047dc', 'test', 'user', 'signup@mail.com', '12345', 'na', 3, '2020-02-08 22:12:36', 'sys', '2020-02-08 22:12:36', 'sys', 1),
('8118d997-4b3d-11ea-ad8f-c8f7501047dc', 'minister', 'Government', 'mini@mail.com', '12345', 'na', 3, '2020-02-09 15:10:11', 'sys', '2020-02-09 15:10:11', 'sys', 1),
('8217b572-3c7d-11ea-8876-c8f7501047dc', 'test', 'user', 'test@mail.com', '12345', '071455588774', 1, '2020-01-21 20:40:33', 'sys', '2020-01-21 20:40:33', 'sys', 1),
('b579c478-4b3d-11ea-ad8f-c8f7501047dc', 'Sir', 'Mngadi', 'sir@mail.com', '12345', 'na', 2, '2020-02-09 15:11:39', 'sys', '2020-02-09 15:11:39', 'sys', 1);

--
-- Indexes for dumped tables
--

--
-- Indexes for table `address`
--
ALTER TABLE `address`
  ADD PRIMARY KEY (`AddressId`);

--
-- Indexes for table `category`
--
ALTER TABLE `category`
  ADD PRIMARY KEY (`CategoryId`);

--
-- Indexes for table `company`
--
ALTER TABLE `company`
  ADD PRIMARY KEY (`CompanyId`);

--
-- Indexes for table `concreteorder`
--
ALTER TABLE `concreteorder`
  ADD PRIMARY KEY (`OrderId`);

--
-- Indexes for table `concreteordermeasurement`
--
ALTER TABLE `concreteordermeasurement`
  ADD PRIMARY KEY (`Id`);

--
-- Indexes for table `measurement`
--
ALTER TABLE `measurement`
  ADD PRIMARY KEY (`MeasurementId`);

--
-- Indexes for table `orderstatus`
--
ALTER TABLE `orderstatus`
  ADD PRIMARY KEY (`StatusId`);

--
-- Indexes for table `role`
--
ALTER TABLE `role`
  ADD PRIMARY KEY (`Id`);

--
-- Indexes for table `statuses`
--
ALTER TABLE `statuses`
  ADD PRIMARY KEY (`StatusId`);

--
-- Indexes for table `supplier`
--
ALTER TABLE `supplier`
  ADD PRIMARY KEY (`SupplierId`);

--
-- Indexes for table `suppliercategory`
--
ALTER TABLE `suppliercategory`
  ADD PRIMARY KEY (`Id`);

--
-- Indexes for table `user`
--
ALTER TABLE `user`
  ADD PRIMARY KEY (`UserId`);

--
-- AUTO_INCREMENT for dumped tables
--

--
-- AUTO_INCREMENT for table `category`
--
ALTER TABLE `category`
  MODIFY `CategoryId` int(11) NOT NULL AUTO_INCREMENT, AUTO_INCREMENT=28;

--
-- AUTO_INCREMENT for table `measurement`
--
ALTER TABLE `measurement`
  MODIFY `MeasurementId` int(11) NOT NULL AUTO_INCREMENT, AUTO_INCREMENT=16;

--
-- AUTO_INCREMENT for table `orderstatus`
--
ALTER TABLE `orderstatus`
  MODIFY `StatusId` int(11) NOT NULL AUTO_INCREMENT;

--
-- AUTO_INCREMENT for table `role`
--
ALTER TABLE `role`
  MODIFY `Id` int(5) NOT NULL AUTO_INCREMENT, AUTO_INCREMENT=5;

--
-- AUTO_INCREMENT for table `statuses`
--
ALTER TABLE `statuses`
  MODIFY `StatusId` int(11) NOT NULL AUTO_INCREMENT, AUTO_INCREMENT=9;
COMMIT;

/*!40101 SET CHARACTER_SET_CLIENT=@OLD_CHARACTER_SET_CLIENT */;
/*!40101 SET CHARACTER_SET_RESULTS=@OLD_CHARACTER_SET_RESULTS */;
/*!40101 SET COLLATION_CONNECTION=@OLD_COLLATION_CONNECTION */;
